date,item_1_sales,item_2_sales,item_3_sales,item_4_sales,item_5_sales,item_6_sales,item_7_sales,item_8_sales,item_9_sales,item_10_sales
2013-01-01,13,33,15,10,11,31,25,33,18,37
2013-01-02,11,43,30,11,6,36,23,37,23,34
2013-01-03,14,23,14,8,8,18,34,38,25,32
2013-01-04,13,18,10,19,9,19,36,54,22,45
2013-01-05,10,34,23,12,8,31,38,51,29,35
2013-01-06,12,38,23,16,13,31,32,60,35,54
2013-01-07,10,27,10,7,11,25,14,28,24,37
2013-01-08,9,28,13,9,10,29,31,34,22,37
2013-01-09,12,34,16,11,7,26,32,40,19,32
2013-01-10,9,27,15,16,8,39,32,43,30,36
2013-01-11,9,28,24,19,10,36,28,37,20,33
2013-01-12,7,39,19,9,8,38,35,43,38,36
2013-01-13,10,28,19,8,11,36,44,43,32,36
2013-01-14,12,30,15,5,5,20,17,28,24,26
2013-01-15,5,27,12,14,10,21,34,40,24,24
2013-01-16,7,19,26,7,6,24,35,48,22,41
2013-01-17,16,29,14,11,7,33,32,38,33,35
2013-01-18,7,29,21,7,10,33,34,38,24,37
2013-01-19,18,44,13,9,8,31,34,37,23,45
2013-01-20,15,34,21,20,9,34,42,58,34,40
2013-01-21,8,15,18,15,4,24,15,30,26,26
2013-01-22,7,29,20,11,9,29,21,36,20,37
2013-01-23,9,21,14,7,6,19,24,41,21,47
2013-01-24,8,33,20,8,12,26,30,42,17,46
2013-01-25,14,29,21,12,5,38,30,41,27,42
2013-01-26,12,33,17,5,7,36,38,36,25,38
2013-01-27,12,32,17,13,18,36,34,41,34,38
2013-01-28,11,16,14,7,9,30,23,26,17,18
2013-01-29,6,35,15,13,9,21,28,43,29,33
2013-01-30,9,29,14,8,9,30,25,33,26,26
2013-01-31,13,27,24,19,13,30,31,36,24,38
2013-02-01,11,30,22,21,8,46,38,50,29,45
2013-02-02,21,26,32,10,16,32,42,54,28,34
2013-02-03,15,39,29,6,11,35,28,47,31,42
2013-02-04,14,30,21,11,8,24,33,35,16,38
2013-02-05,9,34,21,17,15,28,21,32,26,42
2013-02-06,10,22,19,9,7,20,38,38,23,39
2013-02-07,13,42,15,15,10,33,43,34,25,44
2013-02-08,11,27,26,14,7,28,40,57,31,47
2013-02-09,14,28,24,12,8,31,41,61,23,48
2013-02-10,11,34,24,13,10,39,36,55,39,41
2013-02-11,16,25,18,12,13,29,31,38,32,16
2013-02-12,11,39,17,13,13,24,22,37,32,41
2013-02-13,14,17,21,13,8,26,27,32,37,33
2013-02-14,10,35,12,9,10,27,29,42,25,33
2013-02-15,11,34,23,15,11,28,30,35,38,51
2013-02-16,7,39,23,13,10,31,52,47,21,37
2013-02-17,11,46,22,11,11,45,47,43,28,58
2013-02-18,10,31,16,9,5,27,34,32,23,31
2013-02-19,10,30,19,8,10,32,30,48,24,39
2013-02-20,7,24,25,14,7,33,27,39,29,46
2013-02-21,13,31,21,9,11,28,29,48,22,41
2013-02-22,12,40,24,9,15,33,31,50,33,56
2013-02-23,15,37,29,13,13,41,43,52,30,38
2013-02-24,11,33,15,9,9,45,38,58,50,49
2013-02-25,7,13,19,8,3,39,29,43,27,28
2013-02-26,9,33,17,16,6,36,27,45,31,42
2013-02-27,9,19,19,17,9,29,27,38,28,29
2013-02-28,10,35,24,14,12,26,28,41,27,44
2013-03-01,15,42,31,9,11,36,43,57,46,56
2013-03-02,13,49,32,25,16,50,49,56,37,49
2013-03-03,20,49,27,19,11,56,41,64,45,60
2013-03-04,14,33,19,10,6,28,33,41,23,38
2013-03-05,13,42,18,20,10,38,33,54,38,52
2013-03-06,17,43,19,13,9,36,48,50,35,50
2013-03-07,11,48,22,14,15,34,40,54,49,49
2013-03-08,15,43,22,18,9,41,42,59,44,60
2013-03-09,16,43,35,20,7,51,51,51,53,70
2013-03-10,11,43,33,14,18,47,41,67,35,70
2013-03-11,18,34,21,8,9,35,41,30,23,43
2013-03-12,14,30,27,14,11,34,39,49,31,55
2013-03-13,13,36,21,12,15,34,43,61,18,39
2013-03-14,10,44,22,14,9,37,32,52,43,44
2013-03-15,14,52,23,15,13,42,49,53,46,44
2013-03-16,10,58,30,11,15,39,52,55,29,49
2013-03-17,22,46,24,15,19,41,50,62,45,59
2013-03-18,11,37,19,10,7,36,29,44,30,40
2013-03-19,19,48,21,13,12,32,43,51,38,49
2013-03-20,14,43,25,14,12,50,21,46,43,40
2013-03-21,17,43,24,15,16,44,38,50,50,45
2013-03-22,21,30,31,12,7,32,37,46,32,39
2013-03-23,21,51,41,15,13,55,46,55,43,57
2013-03-24,19,40,27,22,14,53,38,59,31,59
2013-03-25,13,34,14,16,10,29,32,39,31,41
2013-03-26,16,27,30,11,11,40,41,45,35,49
2013-03-27,11,33,23,14,16,29,41,47,27,35
2013-03-28,13,38,23,17,11,35,45,63,37,54
2013-03-29,17,45,21,11,15,49,44,63,28,68
2013-03-30,19,51,30,23,16,37,53,51,32,56
2013-03-31,20,44,34,23,15,33,56,62,47,80
2013-04-01,11,40,23,12,14,44,35,63,32,47
2013-04-02,19,44,25,14,13,46,47,62,34,49
2013-04-03,24,40,18,13,8,34,53,72,44,54
2013-04-04,18,53,31,18,22,33,46,64,45,62
2013-04-05,19,45,43,24,13,54,43,61,46,63
2013-04-06,23,46,34,18,18,63,64,75,46,67
2013-04-07,17,57,37,13,11,58,45,82,44,75
2013-04-08,19,44,19,6,15,33,40,39,25,35
2013-04-09,13,31,17,11,7,48,32,57,34,61
2013-04-10,19,49,24,20,8,48,47,65,37,48
2013-04-11,16,41,34,14,16,45,50,52,37,55
2013-04-12,18,53,37,15,15,53,38,71,43,53
2013-04-13,17,50,31,27,18,56,59,68,45,61
2013-04-14,26,53,39,27,18,52,55,90,51,71
2013-04-15,14,28,24,12,11,25,39,45,31,46
2013-04-16,9,45,13,23,10,60,42,55,41,52
2013-04-17,17,45,25,21,14,43,40,61,33,59
2013-04-18,21,45,21,16,17,40,43,80,45,60
2013-04-19,22,58,40,21,17,56,39,58,36,52
2013-04-20,22,26,29,21,13,52,64,58,46,54
2013-04-21,20,48,35,21,20,62,55,80,55,69
2013-04-22,13,27,33,10,11,43,42,52,41,40
2013-04-23,11,38,32,21,11,43,36,47,31,60
2013-04-24,13,40,33,11,16,46,55,48,31,54
2013-04-25,14,51,31,15,13,42,49,47,32,65
2013-04-26,20,48,21,14,15,63,44,72,53,63
2013-04-27,22,42,32,22,15,56,42,76,41,61
2013-04-28,19,53,28,29,14,59,46,54,54,67
2013-04-29,11,36,16,9,14,26,56,46,30,50
2013-04-30,15,40,28,16,10,49,40,57,42,64
2013-05-01,16,51,38,18,15,57,46,69,50,56
2013-05-02,23,54,26,25,11,51,53,59,48,51
2013-05-03,22,49,41,20,18,54,51,65,40,69
2013-05-04,20,49,40,21,15,66,54,86,53,54
2013-05-05,14,60,33,27,19,68,57,77,60,63
2013-05-06,14,38,23,5,12,43,51,47,35,48
2013-05-07,15,43,29,16,17,53,60,75,29,59
2013-05-08,14,45,17,24,16,52,50,64,44,65
2013-05-09,11,46,23,23,20,35,37,76,49,73
2013-05-10,16,58,42,24,10,54,51,86,45,50
2013-05-11,19,63,34,28,21,49,60,83,56,63
2013-05-12,13,53,38,17,15,61,60,91,38,58
2013-05-13,9,49,17,14,5,37,47,48,40,50
2013-05-14,13,35,26,16,12,35,44,65,37,52
2013-05-15,16,43,34,24,23,53,62,62,42,39
2013-05-16,15,49,34,24,19,42,54,65,35,67
2013-05-17,16,45,34,22,18,74,61,76,47,62
2013-05-18,20,53,36,27,18,47,58,73,50,73
2013-05-19,19,53,41,28,21,45,62,87,62,76
2013-05-20,14,38,16,12,12,51,48,54,30,53
2013-05-21,24,53,35,19,10,43,41,69,42,50
2013-05-22,23,38,24,21,22,42,46,63,42,57
2013-05-23,14,69,39,20,24,56,48,58,32,62
2013-05-24,24,48,43,24,20,51,57,71,61,75
2013-05-25,25,45,34,12,21,59,59,56,38,64
2013-05-26,27,64,34,26,14,59,68,83,56,78
2013-05-27,7,38,26,13,14,54,34,37,35,57
2013-05-28,12,48,29,18,15,48,56,52,39,48
2013-05-29,10,44,33,18,13,48,49,73,37,49
2013-05-30,19,48,38,22,14,37,49,72,50,45
2013-05-31,27,58,36,24,13,43,53,60,44,59
2013-06-01,26,55,34,21,18,57,64,93,37,86
2013-06-02,22,51,34,29,18,77,52,83,59,65
2013-06-03,12,43,26,22,17,40,39,59,42,41
2013-06-04,15,41,32,18,12,55,47,72,54,60
2013-06-05,24,67,29,19,10,57,37,56,43,65
2013-06-06,9,43,29,22,20,48,62,90,44,67
2013-06-07,21,69,38,18,14,61,40,55,42,87
2013-06-08,20,52,36,20,22,66,62,67,53,82
2013-06-09,38,65,42,17,19,69,68,80,60,91
2013-06-10,20,48,27,16,16,43,53,46,43,64
2013-06-11,18,49,38,20,14,52,47,55,42,70
2013-06-12,22,56,30,14,14,52,49,76,46,44
2013-06-13,21,57,26,22,8,64,41,74,45,61
2013-06-14,22,58,25,14,18,46,60,79,62,60
2013-06-15,26,52,42,29,19,59,61,94,65,85
2013-06-16,23,52,46,21,19,62,58,82,62,76
2013-06-17,13,55,33,14,11,49,34,59,36,59
2013-06-18,21,45,27,17,14,52,53,56,45,57
2013-06-19,18,48,30,16,15,43,52,70,42,71
2013-06-20,24,44,35,16,16,52,47,62,46,72
2013-06-21,19,47,39,20,16,54,58,79,55,70
2013-06-22,23,60,23,24,13,58,58,87,65,74
2013-06-23,24,55,33,25,17,58,79,71,49,83
2013-06-24,17,60,27,22,13,57,33,59,33,60
2013-06-25,21,50,37,23,17,50,44,57,50,58
2013-06-26,21,69,29,13,15,48,40,65,46,49
2013-06-27,26,64,36,26,24,40,52,61,44,61
2013-06-28,17,71,33,17,19,49,62,63,45,71
2013-06-29,20,56,39,24,19,49,56,65,40,68
2013-06-30,24,61,41,20,30,53,65,77,49,74
2013-07-01,23,46,32,9,13,54,40,55,44,51
2013-07-02,17,48,33,13,9,50,53,74,45,54
2013-07-03,12,57,43,16,16,55,44,69,37,77
2013-07-04,24,50,37,21,19,37,58,67,50,84
2013-07-05,17,58,29,28,16,60,56,62,54,62
2013-07-06,16,73,27,28,17,63,58,90,55,85
2013-07-07,34,52,39,29,14,79,73,96,63,89
2013-07-08,20,47,27,14,16,52,49,61,42,62
2013-07-09,23,49,24,18,17,58,55,71,54,65
2013-07-10,14,56,36,14,18,58,52,59,36,66
2013-07-11,25,54,38,20,19,57,59,74,56,57
2013-07-12,29,46,47,25,16,54,66,80,55,69
2013-07-13,22,62,33,30,17,65,53,79,59,77
2013-07-14,29,82,45,24,15,73,63,105,75,83
2013-07-15,18,39,28,16,12,42,36,46,39,63
2013-07-16,12,57,41,21,17,51,71,70,41,77
2013-07-17,16,55,29,22,11,56,44,63,43,63
2013-07-18,21,58,37,21,26,48,64,61,38,66
2013-07-19,25,57,29,24,17,47,58,79,43,67
2013-07-20,25,78,43,28,20,67,55,78,52,73
2013-07-21,26,62,45,19,19,66,64,74,52,79
2013-07-22,18,45,22,14,17,47,45,70,35,49
2013-07-23,17,51,45,19,17,57,43,63,35,44
2013-07-24,21,47,43,27,22,49,55,72,54,62
2013-07-25,21,57,34,18,20,51,64,61,56,55
2013-07-26,31,68,42,21,18,68,51,78,50,76
2013-07-27,19,67,31,17,19,69,54,71,76,77
2013-07-28,25,74,50,27,18,80,69,71,64,66
2013-07-29,8,40,21,9,14,37,37,68,45,53
2013-07-30,26,60,38,21,17,62,53,64,44,69
2013-07-31,27,48,37,13,13,43,67,70,55,63
2013-08-01,21,53,28,11,9,60,54,69,49,59
2013-08-02,19,53,35,18,17,50,69,74,35,73
2013-08-03,24,62,36,17,17,48,62,69,53,65
2013-08-04,26,55,24,27,15,46,60,69,55,72
2013-08-05,17,47,18,14,6,36,38,49,39,51
2013-08-06,10,60,42,20,16,55,48,46,39,66
2013-08-07,25,41,27,18,12,48,46,57,34,51
2013-08-08,20,54,35,18,12,41,51,63,31,70
2013-08-09,19,69,39,18,12,62,56,78,40,55
2013-08-10,22,53,43,34,17,52,43,62,52,71
2013-08-11,25,64,30,18,17,71,59,80,52,76
2013-08-12,10,36,21,14,8,37,39,51,38,54
2013-08-13,11,42,34,19,16,56,52,66,42,55
2013-08-14,19,40,28,18,22,63,47,60,53,52
2013-08-15,22,45,36,21,23,52,52,46,44,51
2013-08-16,15,47,37,16,29,63,46,84,52,61
2013-08-17,29,60,29,25,16,61,63,72,56,68
2013-08-18,27,60,34,15,22,57,54,71,38,72
2013-08-19,11,39,36,23,16,37,38,39,28,52
2013-08-20,15,48,31,16,16,50,47,66,47,56
2013-08-21,20,52,22,13,13,44,55,64,39,59
2013-08-22,20,44,30,19,17,60,45,58,48,51
2013-08-23,19,44,38,20,24,50,53,61,63,66
2013-08-24,19,64,46,27,13,47,59,67,55,68
2013-08-25,23,54,34,13,25,46,56,85,50,62
2013-08-26,11,37,22,16,17,43,48,40,39,48
2013-08-27,16,55,29,22,11,32,46,55,37,70
2013-08-28,20,49,28,21,10,50,37,65,41,73
2013-08-29,14,48,26,14,13,46,50,65,41,63
2013-08-30,20,56,44,17,20,57,46,63,36,45
2013-08-31,25,60,34,18,27,53,43,81,42,59
2013-09-01,25,42,42,22,14,62,70,70,48,61
2013-09-02,10,38,28,15,13,28,47,46,33,52
2013-09-03,16,45,29,15,18,36,30,58,34,40
2013-09-04,10,42,21,12,6,37,39,44,28,42
2013-09-05,16,45,30,25,15,47,45,51,42,69
2013-09-06,20,43,31,18,8,60,48,52,39,66
2013-09-07,20,60,37,25,12,63,48,79,54,59
2013-09-08,19,44,40,28,14,61,56,78,55,86
2013-09-09,15,36,18,4,14,28,42,43,17,42
2013-09-10,17,40,34,22,17,41,39,60,37,47
2013-09-11,26,47,27,22,12,43,48,70,40,60
2013-09-12,14,59,32,24,19,47,38,67,52,50
2013-09-13,16,50,29,16,11,49,51,60,38,78
2013-09-14,27,44,34,24,20,51,56,60,47,59
2013-09-15,14,46,28,20,15,62,59,71,48,69
2013-09-16,16,34,20,17,12,39,33,57,26,52
2013-09-17,20,43,25,20,14,41,33,59,44,60
2013-09-18,18,47,31,10,10,46,38,56,37,59
2013-09-19,16,47,33,20,11,41,36,61,51,59
2013-09-20,11,44,27,17,15,61,40,59,38,61
2013-09-21,13,56,33,18,16,59,61,83,53,75
2013-09-22,16,60,37,31,18,49,65,78,56,67
2013-09-23,18,39,13,9,19,34,44,63,36,41
2013-09-24,14,40,34,20,19,38,46,63,35,64
2013-09-25,17,39,25,15,16,37,48,72,28,47
2013-09-26,20,47,30,15,7,52,46,49,38,63
2013-09-27,22,54,34,16,17,56,48,63,50,56
2013-09-28,13,44,36,16,12,52,58,73,45,63
2013-09-29,20,56,32,20,21,54,61,76,52,71
2013-09-30,20,22,21,18,15,39,43,47,36,43
2013-10-01,12,36,21,13,11,33,42,55,38,37
2013-10-02,11,44,32,13,16,42,43,38,35,61
2013-10-03,14,31,32,16,19,38,48,53,35,55
2013-10-04,14,38,30,19,23,47,55,61,39,66
2013-10-05,14,52,26,22,17,55,45,61,36,48
2013-10-06,20,42,30,14,19,55,70,70,46,71
2013-10-07,13,40,16,13,8,23,22,45,27,57
2013-10-08,13,30,21,14,12,53,34,41,41,58
2013-10-09,14,45,21,10,8,50,45,53,39,54
2013-10-10,20,58,32,17,8,38,47,63,34,56
2013-10-11,17,45,19,14,11,45,55,56,44,70
2013-10-12,17,43,23,12,13,59,51,67,45,65
2013-10-13,20,53,23,21,15,44,61,65,43,65
2013-10-14,15,44,19,7,16,33,42,43,27,41
2013-10-15,15,32,29,19,17,34,30,52,49,44
2013-10-16,15,40,23,11,11,37,30,56,36,60
2013-10-17,10,51,27,11,13,51,48,53,36,59
2013-10-18,10,38,21,20,10,51,54,53,40,74
2013-10-19,18,46,23,20,16,53,56,59,55,60
2013-10-20,25,57,37,18,19,46,49,74,39,68
2013-10-21,13,33,19,10,7,44,30,50,26,44
2013-10-22,11,49,22,15,14,38,50,52,31,59
2013-10-23,16,45,22,19,15,51,41,68,39,57
2013-10-24,17,43,28,21,23,44,41,55,37,60
2013-10-25,18,32,28,17,10,50,48,63,35,58
2013-10-26,19,52,31,19,13,58,53,50,45,59
2013-10-27,14,54,31,22,11,52,53,70,48,76
2013-10-28,11,38,16,19,11,28,41,50,36,42
2013-10-29,17,34,23,10,13,38,29,56,24,57
2013-10-30,20,41,23,9,13,44,45,51,28,58
2013-10-31,21,44,28,10,14,37,43,51,29,56
2013-11-01,20,51,38,22,18,38,57,66,49,59
2013-11-02,24,50,24,24,11,63,60,66,47,61
2013-11-03,19,52,33,17,18,58,57,88,56,58
2013-11-04,12,32,33,12,3,36,39,41,44,37
2013-11-05,20,40,27,19,21,45,42,59,38,52
2013-11-06,16,41,19,24,15,45,54,54,42,67
2013-11-07,17,47,30,18,13,40,55,57,33,55
2013-11-08,22,43,37,12,12,48,51,76,49,53
2013-11-09,18,53,31,16,11,58,49,63,46,63
2013-11-10,23,68,30,14,14,57,63,71,43,76
2013-11-11,16,40,22,12,11,32,27,54,21,39
2013-11-12,20,41,26,16,16,50,36,56,32,56
2013-11-13,20,40,14,11,10,32,50,63,29,69
2013-11-14,9,53,26,18,11,51,58,48,36,54
2013-11-15,18,60,35,13,16,40,52,57,37,63
2013-11-16,13,54,33,25,15,47,47,58,52,78
2013-11-17,17,46,37,28,14,63,57,54,43,64
2013-11-18,17,24,32,9,6,36,29,51,25,59
2013-11-19,18,47,34,18,16,50,38,53,43,47
2013-11-20,17,40,22,17,22,38,44,52,41,60
2013-11-21,16,46,34,17,12,43,50,74,36,64
2013-11-22,17,53,30,19,13,52,51,85,39,50
2013-11-23,31,49,32,21,19,47,54,77,49,68
2013-11-24,20,63,29,19,15,43,42,79,49,74
2013-11-25,16,30,25,11,16,39,23,51,41,40
2013-11-26,25,55,36,12,19,36,45,57,43,62
2013-11-27,25,49,31,16,10,47,41,55,47,49
2013-11-28,17,54,28,29,12,41,40,40,44,54
2013-11-29,19,50,36,12,19,57,55,65,46,76
2013-11-30,30,56,36,18,14,50,56,78,37,64
2013-12-01,16,42,20,17,10,33,38,52,33,51
2013-12-02,8,31,20,8,13,22,25,40,26,32
2013-12-03,21,24,21,13,8,25,27,52,24,30
2013-12-04,6,31,16,17,16,34,40,48,19,33
2013-12-05,13,24,22,11,9,33,40,46,29,41
2013-12-06,15,33,19,12,12,46,39,53,31,52
2013-12-07,17,33,21,20,12,39,42,46,34,51
2013-12-08,17,43,26,12,15,41,40,49,28,53
2013-12-09,8,24,19,13,7,30,23,28,23,37
2013-12-10,14,24,19,5,6,24,41,40,31,35
2013-12-11,7,21,19,6,13,26,24,38,25,41
2013-12-12,5,32,28,13,15,38,30,47,24,34
2013-12-13,13,36,21,15,15,33,49,44,32,51
2013-12-14,16,40,35,13,15,26,33,39,23,46
2013-12-15,15,50,26,15,15,43,39,64,31,45
2013-12-16,15,19,20,7,7,25,23,30,22,31
2013-12-17,8,28,19,9,10,34,32,37,29,39
2013-12-18,18,38,18,8,9,27,22,32,26,38
2013-12-19,7,30,19,15,13,38,36,45,30,39
2013-12-20,13,30,23,15,10,32,37,41,41,39
2013-12-21,11,38,23,12,18,51,38,42,32,46
2013-12-22,9,37,33,13,17,37,47,49,33,46
2013-12-23,8,29,18,9,12,18,14,34,29,32
2013-12-24,17,24,19,14,12,27,34,33,21,45
2013-12-25,6,38,27,10,5,38,35,46,27,48
2013-12-26,16,48,15,15,12,39,28,56,21,27
2013-12-27,18,40,19,11,11,36,30,43,35,39
2013-12-28,17,32,17,22,10,31,31,47,46,34
2013-12-29,14,46,23,21,14,45,43,48,30,43
2013-12-30,5,28,14,13,9,24,20,31,30,34
2013-12-31,15,30,18,9,6,36,35,35,31,47
2014-01-01,9,33,21,9,6,30,37,36,19,33
2014-01-02,14,37,24,7,6,41,39,46,28,45
2014-01-03,11,52,20,10,9,41,39,34,26,49
2014-01-04,20,33,19,14,11,37,43,52,31,52
2014-01-05,17,49,24,14,13,47,53,57,28,57
2014-01-06,14,29,15,14,7,31,25,36,21,35
2014-01-07,11,46,20,9,12,37,35,47,28,45
2014-01-08,12,35,22,10,11,34,34,49,24,40
2014-01-09,17,44,25,13,10,31,26,58,27,46
2014-01-10,12,41,27,14,8,35,39,57,29,47
2014-01-11,17,39,24,21,12,45,41,54,36,52
2014-01-12,12,34,24,15,10,38,48,64,34,41
2014-01-13,12,22,24,4,10,32,24,38,19,29
2014-01-14,17,34,19,9,10,27,34,49,24,31
2014-01-15,17,33,14,18,8,26,28,44,29,38
2014-01-16,15,33,22,8,10,26,29,53,29,50
2014-01-17,18,31,20,11,7,31,40,49,25,49
2014-01-18,15,52,29,15,12,40,39,56,32,59
2014-01-19,12,41,21,17,9,41,36,43,45,50
2014-01-20,6,28,21,10,9,22,39,35,19,29
2014-01-21,7,25,19,12,10,20,34,40,28,40
2014-01-22,21,35,20,10,11,36,27,35,32,42
2014-01-23,18,34,22,6,13,37,35,45,27,46
2014-01-24,18,42,22,18,14,42,35,37,37,50
2014-01-25,21,27,17,11,8,29,31,49,33,39
2014-01-26,16,43,24,15,24,40,41,54,34,54
2014-01-27,8,19,14,11,13,27,24,41,26,31
2014-01-28,6,39,31,7,8,39,24,33,28,46
2014-01-29,13,29,17,7,16,26,28,39,32,42
2014-01-30,11,37,16,17,8,26,36,34,35,57
2014-01-31,18,40,17,10,15,28,33,38,42,51
2014-02-01,13,43,27,24,9,43,50,68,42,67
2014-02-02,16,51,28,15,13,55,41,53,41,65
2014-02-03,10,24,13,13,12,41,24,35,30,30
2014-02-04,9,27,22,19,10,41,29,52,30,43
2014-02-05,21,40,25,14,10,32,40,57,31,41
2014-02-06,17,43,23,12,5,34,38,59,29,42
2014-02-07,15,46,38,15,17,44,32,53,39,55
2014-02-08,15,43,33,13,7,39,52,84,48,50
2014-02-09,18,41,34,19,11,51,52,56,34,61
2014-02-10,10,35,27,8,10,19,27,24,14,29
2014-02-11,10,30,19,13,10,38,43,44,31,44
2014-02-12,9,43,21,6,11,27,21,44,36,52
2014-02-13,22,40,26,17,10,40,48,58,36,49
2014-02-14,20,41,25,24,10,48,40,48,34,62
2014-02-15,20,44,26,19,13,48,44,60,33,52
2014-02-16,13,48,28,20,15,36,29,73,36,58
2014-02-17,11,37,17,14,10,34,21,32,24,38
2014-02-18,11,42,25,18,6,37,28,53,35,41
2014-02-19,16,28,18,14,7,44,35,44,38,45
2014-02-20,19,46,27,17,11,38,37,70,41,54
2014-02-21,16,35,21,15,14,36,34,50,42,49
2014-02-22,17,42,26,15,14,36,38,61,25,51
2014-02-23,13,47,24,19,19,44,38,66,38,53
2014-02-24,7,39,22,16,11,27,27,32,26,39
2014-02-25,14,36,20,9,12,39,26,32,28,40
2014-02-26,17,44,25,10,10,31,27,46,26,46
2014-02-27,10,47,15,9,14,38,43,47,27,55
2014-02-28,16,53,19,8,13,49,40,59,33,61
2014-03-01,20,45,29,19,16,59,54,77,55,50
2014-03-02,15,60,36,22,16,52,63,80,51,80
2014-03-03,12,44,28,14,13,37,33,39,34,47
2014-03-04,11,38,20,19,10,43,53,51,46,53
2014-03-05,18,38,18,15,14,43,44,46,40,59
2014-03-06,19,46,23,14,17,44,41,60,39,51
2014-03-07,21,45,31,15,19,53,46,72,46,58
2014-03-08,14,49,32,15,7,52,43,63,40,58
2014-03-09,21,57,33,14,13,57,53,80,38,71
2014-03-10,13,44,17,15,10,38,25,41,35,38
2014-03-11,14,36,26,16,9,36,43,80,45,60
2014-03-12,24,42,25,16,18,49,40,50,39,52
2014-03-13,17,43,32,20,20,49,42,55,47,66
2014-03-14,16,52,30,15,19,47,51,51,42,62
2014-03-15,22,55,33,27,17,54,42,63,36,54
2014-03-16,31,53,32,13,18,51,50,48,38,68
2014-03-17,19,33,27,20,19,38,25,44,39,50
2014-03-18,17,47,19,9,14,43,39,63,34,47
2014-03-19,24,47,30,20,19,46,40,48,33,54
2014-03-20,21,36,26,20,13,38,57,63,48,58
2014-03-21,18,50,30,20,12,53,51,55,36,50
2014-03-22,20,46,33,15,16,50,58,66,54,72
2014-03-23,25,44,25,16,15,61,39,63,50,66
2014-03-24,4,28,23,18,14,37,37,56,37,47
2014-03-25,15,38,24,13,12,41,38,67,35,54
2014-03-26,17,44,23,18,15,39,38,53,42,58
2014-03-27,17,41,36,20,23,46,39,62,33,58
2014-03-28,16,43,35,19,13,49,49,65,35,61
2014-03-29,18,49,37,22,20,53,50,55,42,46
2014-03-30,15,70,47,18,20,65,44,67,47,70
2014-03-31,15,43,25,7,11,37,36,49,31,49
2014-04-01,19,51,27,22,18,44,42,62,45,65
2014-04-02,11,48,40,24,19,63,52,73,44,46
2014-04-03,16,48,34,22,19,43,66,71,41,63
2014-04-04,17,65,40,24,18,71,47,69,52,52
2014-04-05,21,47,35,38,13,66,76,89,43,75
2014-04-06,26,74,30,23,23,78,70,79,60,89
2014-04-07,19,30,33,20,9,58,38,58,44,59
2014-04-08,19,61,32,12,22,45,35,63,52,55
2014-04-09,20,45,31,23,20,43,47,61,36,66
2014-04-10,18,60,26,18,15,58,61,72,44,65
2014-04-11,23,68,31,32,25,54,56,86,43,84
2014-04-12,19,73,28,17,20,61,67,89,62,64
2014-04-13,22,73,36,26,19,57,67,98,59,87
2014-04-14,20,47,26,8,12,33,45,62,38,43
2014-04-15,22,42,26,11,17,70,38,49,36,63
2014-04-16,20,52,25,25,15,56,50,54,44,57
2014-04-17,18,41,39,20,18,53,48,66,52,69
2014-04-18,20,50,37,17,21,54,47,68,43,68
2014-04-19,22,63,35,27,19,52,65,79,48,80
2014-04-20,22,87,46,29,14,51,63,76,46,71
2014-04-21,17,36,37,13,13,37,40,57,43,61
2014-04-22,12,59,30,23,15,40,52,74,40,66
2014-04-23,16,59,30,18,12,44,47,75,41,56
2014-04-24,25,46,28,14,19,57,60,65,57,71
2014-04-25,22,67,34,21,17,50,63,66,34,61
2014-04-26,21,61,35,26,24,60,50,70,56,88
2014-04-27,20,69,29,23,22,61,58,89,62,71
2014-04-28,15,29,25,21,12,53,26,49,29,54
2014-04-29,18,48,30,14,15,40,59,66,41,73
2014-04-30,13,46,38,20,11,59,53,68,41,74
2014-05-01,22,46,33,21,10,55,70,78,52,74
2014-05-02,19,74,41,20,20,69,54,73,51,90
2014-05-03,22,65,46,35,17,54,77,74,51,65
2014-05-04,23,82,40,22,23,86,61,76,69,75
2014-05-05,21,39,33,14,10,41,30,57,39,58
2014-05-06,19,63,23,16,16,41,56,45,44,63
2014-05-07,21,61,43,18,19,42,49,69,56,58
2014-05-08,15,60,30,32,22,58,48,72,56,55
2014-05-09,18,66,35,20,22,59,58,96,50,64
2014-05-10,16,67,38,14,25,66,67,96,69,82
2014-05-11,27,78,46,21,26,58,66,85,62,111
2014-05-12,16,47,27,17,13,42,43,60,40,59
2014-05-13,22,53,37,20,11,52,53,64,44,79
2014-05-14,21,52,28,18,23,47,48,77,44,73
2014-05-15,22,50,42,22,22,56,60,76,44,72
2014-05-16,23,56,43,20,22,54,66,73,47,72
2014-05-17,18,71,49,21,24,79,71,77,57,86
2014-05-18,36,77,49,29,21,66,71,89,60,88
2014-05-19,12,49,30,14,13,43,40,58,38,59
2014-05-20,23,62,37,14,16,63,66,61,41,61
2014-05-21,16,55,41,14,18,54,48,60,46,55
2014-05-22,25,59,37,16,25,60,66,62,66,74
2014-05-23,28,57,37,27,26,46,51,72,57,67
2014-05-24,25,61,38,24,22,67,57,74,63,70
2014-05-25,20,88,57,27,24,67,58,95,53,84
2014-05-26,15,43,30,17,13,45,50,57,38,45
2014-05-27,13,51,37,20,9,56,48,58,57,74
2014-05-28,13,60,36,22,20,48,43,69,39,67
2014-05-29,20,51,37,21,23,56,63,84,60,78
2014-05-30,29,67,31,29,25,75,67,71,52,81
2014-05-31,31,60,37,20,18,58,88,106,65,91
2014-06-01,24,76,45,25,22,63,77,110,54,87
2014-06-02,16,48,44,17,16,40,42,67,44,62
2014-06-03,23,53,34,24,16,68,55,85,46,66
2014-06-04,20,63,22,20,14,50,54,72,50,75
2014-06-05,24,55,31,15,21,66,64,88,52,77
2014-06-06,23,77,40,26,23,61,71,70,45,83
2014-06-07,27,62,33,27,15,55,73,83,71,89
2014-06-08,29,75,52,27,20,62,67,87,62,89
2014-06-09,18,50,33,25,15,47,48,51,50,71
2014-06-10,14,57,33,22,21,43,57,80,40,65
2014-06-11,22,55,42,21,17,65,56,64,52,70
2014-06-12,22,69,44,24,24,57,65,70,53,66
2014-06-13,25,69,33,22,21,61,72,88,62,67
2014-06-14,29,61,48,35,18,69,59,81,56,84
2014-06-15,33,64,49,24,20,71,75,91,72,104
2014-06-16,25,48,28,19,12,36,44,60,41,51
2014-06-17,32,69,31,25,16,61,46,99,46,59
2014-06-18,20,61,33,18,19,65,66,97,49,61
2014-06-19,22,48,45,28,25,65,68,81,54,73
2014-06-20,19,55,33,23,17,60,55,84,48,81
2014-06-21,26,70,36,24,21,82,71,101,60,82
2014-06-22,37,59,47,20,23,82,80,97,66,100
2014-06-23,19,58,30,15,15,52,44,58,42,55
2014-06-24,24,66,38,28,17,41,51,64,36,65
2014-06-25,21,58,32,25,20,80,47,81,47,73
2014-06-26,18,64,43,21,24,50,65,82,57,75
2014-06-27,29,74,30,23,17,74,64,100,51,68
2014-06-28,34,70,45,23,24,74,69,100,75,80
2014-06-29,19,64,53,29,23,63,66,101,73,86
2014-06-30,16,51,22,18,9,48,48,68,50,59
2014-07-01,16,61,27,19,15,56,55,81,61,82
2014-07-02,24,59,35,24,20,57,50,73,51,78
2014-07-03,25,68,34,21,20,57,53,82,58,70
2014-07-04,28,56,48,30,28,73,68,85,52,98
2014-07-05,25,58,53,31,21,55,74,96,73,71
2014-07-06,34,77,39,28,24,71,72,100,60,116
2014-07-07,16,38,37,19,16,59,51,56,49,82
2014-07-08,25,56,37,29,24,50,52,100,47,78
2014-07-09,27,58,27,21,26,56,57,75,48,73
2014-07-10,23,55,44,32,23,71,62,78,60,81
2014-07-11,25,58,46,29,17,66,63,77,58,96
2014-07-12,22,73,35,29,28,71,76,73,54,86
2014-07-13,24,102,38,22,18,73,71,105,74,89
2014-07-14,21,52,36,25,9,64,47,57,35,62
2014-07-15,24,61,39,22,17,65,51,77,62,81
2014-07-16,17,53,31,21,27,79,62,87,51,65
2014-07-17,26,73,28,26,20,78,79,84,53,90
2014-07-18,25,71,52,21,24,62,74,98,80,78
2014-07-19,31,72,58,32,18,74,84,87,57,86
2014-07-20,26,75,65,40,28,64,74,94,69,80
2014-07-21,21,70,24,20,15,57,49,69,57,55
2014-07-22,30,71,25,32,17,65,58,86,48,67
2014-07-23,19,66,43,26,20,59,55,79,53,89
2014-07-24,26,65,38,23,21,77,72,91,64,88
2014-07-25,24,74,37,31,22,70,67,89,52,89
2014-07-26,29,73,51,30,18,66,82,91,44,96
2014-07-27,35,92,43,29,26,96,84,100,79,85
2014-07-28,11,48,31,14,6,54,58,63,45,53
2014-07-29,19,71,36,17,27,59,55,88,59,77
2014-07-30,25,64,37,25,13,65,59,75,55,71
2014-07-31,23,69,30,23,26,72,62,82,50,91
2014-08-01,12,66,34,21,24,69,47,82,54,76
2014-08-02,23,71,43,18,15,66,54,85,58,76
2014-08-03,27,86,45,38,19,64,68,97,62,85
2014-08-04,20,50,40,20,13,52,55,48,42,67
2014-08-05,19,48,36,23,17,46,54,73,35,67
2014-08-06,25,48,39,24,17,60,49,65,47,70
2014-08-07,21,63,34,25,21,61,62,84,53,74
2014-08-08,27,49,41,17,22,51,63,84,51,66
2014-08-09,27,63,38,23,17,66,81,76,49,86
2014-08-10,22,64,50,35,19,73,69,81,60,95
2014-08-11,22,56,27,18,16,41,41,59,29,46
2014-08-12,20,57,36,27,19,58,51,72,48,58
2014-08-13,11,47,34,22,17,44,50,71,50,61
2014-08-14,17,47,39,31,17,51,60,65,46,78
2014-08-15,21,62,32,19,32,52,81,86,53,84
2014-08-16,20,52,34,23,23,69,63,74,48,81
2014-08-17,31,57,57,22,17,66,74,93,63,86
2014-08-18,25,53,24,12,12,54,42,63,42,55
2014-08-19,15,56,25,23,24,50,59,62,44,70
2014-08-20,21,51,30,27,13,62,50,76,52,79
2014-08-21,20,55,34,25,12,51,56,67,54,56
2014-08-22,21,63,39,15,19,52,72,84,45,73
2014-08-23,26,71,42,32,13,76,55,85,63,74
2014-08-24,26,75,40,26,17,72,69,84,58,92
2014-08-25,12,38,30,14,22,55,38,56,37,53
2014-08-26,25,56,22,18,17,58,56,70,46,58
2014-08-27,21,70,22,15,5,60,52,63,44,69
2014-08-28,19,53,40,22,24,56,49,64,52,54
2014-08-29,17,67,33,22,29,54,60,76,49,97
2014-08-30,30,58,39,20,27,66,75,81,47,94
2014-08-31,28,71,37,28,30,53,69,75,61,108
2014-09-01,16,43,25,16,8,45,38,51,40,67
2014-09-02,15,49,21,14,12,60,46,72,53,66
2014-09-03,22,46,34,15,22,52,45,59,49,70
2014-09-04,26,45,21,24,18,55,66,53,50,58
2014-09-05,27,57,44,26,21,61,68,84,44,74
2014-09-06,21,59,34,25,18,48,72,77,53,69
2014-09-07,25,63,34,29,14,67,73,95,55,91
2014-09-08,12,49,24,15,14,57,44,63,42,47
2014-09-09,22,41,27,16,13,46,37,73,38,54
2014-09-10,16,46,29,23,9,37,53,56,49,51
2014-09-11,15,56,25,25,16,63,60,69,56,65
2014-09-12,25,42,44,16,24,56,59,79,52,63
2014-09-13,17,57,39,30,19,64,55,77,46,77
2014-09-14,26,61,52,24,10,63,66,95,50,97
2014-09-15,12,32,29,24,14,40,32,58,43,49
2014-09-16,15,51,32,18,12,54,51,62,43,68
2014-09-17,17,54,29,16,19,50,51,65,48,65
2014-09-18,18,46,38,18,13,39,54,75,49,71
2014-09-19,21,71,34,18,17,53,58,84,52,74
2014-09-20,21,58,40,20,18,68,54,80,48,76
2014-09-21,20,50,41,26,21,63,73,78,53,92
2014-09-22,15,40,32,11,15,29,39,50,35,69
2014-09-23,20,35,22,17,11,51,54,61,40,74
2014-09-24,14,54,34,24,13,59,45,69,51,58
2014-09-25,17,58,25,18,23,43,52,65,42,75
2014-09-26,23,63,22,18,12,65,58,61,49,55
2014-09-27,13,64,39,15,12,64,45,86,41,55
2014-09-28,22,51,43,28,24,62,55,88,61,89
2014-09-29,18,51,26,19,16,35,41,77,38,56
2014-09-30,15,47,32,17,15,50,48,66,36,72
2014-10-01,12,37,26,16,14,40,46,53,43,64
2014-10-02,15,46,31,12,14,50,54,60,42,55
2014-10-03,24,55,34,12,18,61,41,60,29,64
2014-10-04,27,59,37,22,16,53,67,88,43,71
2014-10-05,33,70,39,20,22,42,61,88,53,60
2014-10-06,9,40,28,16,15,41,42,53,33,49
2014-10-07,10,45,33,13,16,40,48,50,41,47
2014-10-08,25,45,25,22,11,49,39,64,44,49
2014-10-09,18,43,28,17,19,46,42,61,43,56
2014-10-10,19,51,33,13,11,51,50,68,52,52
2014-10-11,28,61,36,18,17,40,66,82,49,81
2014-10-12,29,52,54,26,18,52,59,76,50,88
2014-10-13,6,34,33,14,12,41,30,43,28,50
2014-10-14,20,43,20,19,14,54,40,54,48,62
2014-10-15,21,35,20,23,14,47,36,67,36,65
2014-10-16,17,44,34,17,19,48,46,53,39,59
2014-10-17,18,43,35,12,10,52,46,76,45,64
2014-10-18,22,46,38,25,14,57,54,77,54,77
2014-10-19,13,49,25,26,20,61,52,86,47,60
2014-10-20,8,42,21,21,18,36,39,54,40,39
2014-10-21,19,55,35,11,18,43,47,73,47,69
2014-10-22,14,43,31,12,11,47,50,62,35,70
2014-10-23,18,34,30,15,8,50,56,79,54,69
2014-10-24,17,63,28,18,17,50,55,74,42,79
2014-10-25,21,69,33,18,20,56,59,79,37,80
2014-10-26,22,70,44,13,13,56,70,98,54,81
2014-10-27,15,41,25,18,7,41,44,58,38,37
2014-10-28,12,41,27,20,14,45,41,55,49,49
2014-10-29,11,43,27,16,23,55,29,52,28,52
2014-10-30,12,46,39,12,13,46,53,57,48,87
2014-10-31,20,61,32,24,9,69,44,60,46,61
2014-11-01,17,50,31,18,14,55,53,83,56,94
2014-11-02,33,63,52,20,21,65,54,79,63,84
2014-11-03,16,38,26,17,18,43,30,57,28,44
2014-11-04,16,58,35,17,11,62,50,60,43,66
2014-11-05,15,62,25,16,14,46,49,57,49,67
2014-11-06,22,51,27,19,17,52,64,63,49,77
2014-11-07,22,48,28,23,17,50,52,85,41,66
2014-11-08,12,65,38,24,16,70,58,73,47,59
2014-11-09,28,59,33,33,25,54,58,90,42,93
2014-11-10,16,46,26,24,9,33,45,70,34,46
2014-11-11,12,47,39,23,7,48,38,68,43,53
2014-11-12,18,50,36,24,24,46,45,61,33,61
2014-11-13,18,53,30,26,20,53,57,84,51,73
2014-11-14,25,51,43,25,24,58,51,83,53,71
2014-11-15,24,53,40,24,17,54,59,92,59,88
2014-11-16,18,76,48,28,25,63,65,90,48,77
2014-11-17,17,43,21,12,11,41,53,61,32,72
2014-11-18,18,61,22,19,16,43,46,75,49,49
2014-11-19,19,50,41,13,16,38,55,57,45,85
2014-11-20,17,56,41,26,13,49,63,68,56,63
2014-11-21,28,53,44,25,17,61,57,80,51,71
2014-11-22,20,60,38,16,14,64,56,62,48,66
2014-11-23,29,57,41,29,14,64,51,88,54,80
2014-11-24,18,42,30,19,15,27,42,58,41,62
2014-11-25,19,48,34,18,14,60,47,76,43,58
2014-11-26,23,48,25,16,15,55,50,72,40,58
2014-11-27,23,53,24,21,21,55,49,76,46,65
2014-11-28,24,52,32,21,18,49,66,73,67,102
2014-11-29,28,50,31,24,21,72,63,68,58,90
2014-11-30,24,52,39,20,17,74,55,82,75,78
2014-12-01,10,36,24,13,9,27,30,37,20,44
2014-12-02,17,42,22,18,18,36,44,45,31,60
2014-12-03,9,37,25,12,7,36,30,47,21,37
2014-12-04,10,47,24,17,20,28,32,47,41,44
2014-12-05,14,45,27,17,10,35,43,51,42,61
2014-12-06,16,44,28,21,9,47,36,53,35,47
2014-12-07,11,49,29,15,22,32,39,60,44,40
2014-12-08,13,34,25,14,6,27,24,29,25,37
2014-12-09,13,38,21,12,12,25,47,52,36,46
2014-12-10,14,33,14,23,9,26,27,44,38,43
2014-12-11,12,44,19,16,11,40,40,45,36,61
2014-12-12,10,28,27,21,7,44,26,64,31,46
2014-12-13,16,34,22,12,14,45,34,43,50,59
2014-12-14,13,50,32,17,10,42,48,68,39,53
2014-12-15,14,28,15,8,4,24,28,37,35,31
2014-12-16,11,43,17,16,8,49,31,50,20,46
2014-12-17,15,32,25,13,14,31,38,43,35,42
2014-12-18,10,32,18,17,7,48,30,46,32,52
2014-12-19,11,38,25,14,11,34,53,49,33,51
2014-12-20,19,44,27,19,14,34,42,57,46,55
2014-12-21,18,40,29,13,12,52,39,62,41,62
2014-12-22,8,27,22,15,9,28,28,40,31,40
2014-12-23,13,44,22,19,12,39,51,47,31,38
2014-12-24,16,36,24,21,13,32,34,51,28,46
2014-12-25,20,36,17,10,13,41,37,54,31,38
2014-12-26,12,41,25,13,9,42,45,42,38,53
2014-12-27,15,52,25,15,16,52,31,53,34,41
2014-12-28,17,42,27,20,15,50,44,60,39,55
2014-12-29,9,32,25,7,6,29,26,41,30,38
2014-12-30,11,37,22,12,6,36,36,48,19,34
2014-12-31,12,46,25,14,10,40,28,35,31,39
2015-01-01,11,36,18,15,14,32,37,41,28,40
2015-01-02,19,45,25,20,10,33,38,41,21,50
2015-01-03,16,41,28,19,9,32,47,49,36,46
2015-01-04,14,49,28,23,15,44,48,58,29,55
2015-01-05,14,25,20,10,12,30,23,43,30,39
2015-01-06,9,27,16,13,14,34,30,43,25,42
2015-01-07,13,26,19,21,10,37,29,40,25,59
2015-01-08,18,42,20,16,17,43,23,39,37,50
2015-01-09,18,39,29,14,9,41,35,32,26,43
2015-01-10,17,32,19,28,6,39,44,50,27,63
2015-01-11,19,43,33,13,19,43,42,58,50,59
2015-01-12,9,17,24,15,7,17,35,48,28,40
2015-01-13,9,32,24,6,10,42,31,49,24,42
2015-01-14,15,27,26,14,12,25,22,37,30,38
2015-01-15,10,34,27,14,8,35,29,48,37,50
2015-01-16,15,39,28,11,10,28,31,54,44,46
2015-01-17,16,44,24,19,12,39,50,49,32,56
2015-01-18,15,33,35,18,12,43,34,56,53,47
2015-01-19,12,30,19,15,9,30,33,49,29,33
2015-01-20,12,39,17,9,10,30,40,58,25,44
2015-01-21,10,41,15,13,9,28,25,42,27,32
2015-01-22,8,34,22,6,16,33,45,54,34,45
2015-01-23,14,36,26,10,13,30,38,45,46,47
2015-01-24,20,47,24,13,13,43,41,59,41,64
2015-01-25,19,49,30,18,9,40,52,62,34,56
2015-01-26,12,30,20,9,7,35,28,28,43,32
2015-01-27,13,36,17,11,16,38,28,54,31,49
2015-01-28,13,29,25,14,15,25,34,45,27,44
2015-01-29,7,38,21,15,13,32,35,53,31,56
2015-01-30,12,34,15,18,12,39,27,58,37,47
2015-01-31,19,40,25,14,19,51,32,53,35,36
2015-02-01,17,55,32,15,13,43,37,59,39,49
2015-02-02,6,33,13,9,13,29,28,43,19,34
2015-02-03,10,36,15,17,9,37,37,45,36,47
2015-02-04,8,28,24,13,8,40,41,56,34,44
2015-02-05,18,38,20,14,7,39,41,47,43,41
2015-02-06,13,44,20,13,16,50,38,66,28,50
2015-02-07,13,40,38,13,17,42,41,57,39,56
2015-02-08,18,50,38,23,8,48,55,71,42,50
2015-02-09,12,37,19,5,7,41,42,45,26,30
2015-02-10,15,46,25,15,17,35,44,56,39,49
2015-02-11,19,34,22,15,10,38,38,49,32,52
2015-02-12,15,43,19,17,10,37,30,55,32,48
2015-02-13,13,47,15,13,17,42,43,57,45,55
2015-02-14,11,45,28,15,9,49,44,56,44,53
2015-02-15,18,53,35,20,13,52,54,46,38,52
2015-02-16,14,26,22,17,13,23,19,41,30,35
2015-02-17,16,47,23,15,12,40,35,39,34,45
2015-02-18,16,39,22,6,12,31,39,46,19,28
2015-02-19,11,43,29,20,19,45,34,57,32,63
2015-02-20,10,30,21,19,12,38,35,56,26,51
2015-02-21,19,50,27,12,4,47,46,48,36,68
2015-02-22,24,53,26,13,19,52,42,46,48,49
2015-02-23,9,33,21,9,9,31,38,41,27,44
2015-02-24,8,41,19,14,13,43,29,54,24,53
2015-02-25,13,32,23,11,4,31,39,41,28,63
2015-02-26,18,39,26,11,14,39,48,59,35,47
2015-02-27,17,54,30,21,11,37,53,37,23,53
2015-02-28,18,41,18,22,19,37,41,70,31,48
2015-03-01,18,57,26,23,21,44,65,73,48,60
2015-03-02,17,33,26,10,17,41,37,54,31,41
2015-03-03,14,32,19,25,21,44,36,63,37,43
2015-03-04,19,39,21,18,11,49,48,58,45,58
2015-03-05,10,61,34,19,11,59,46,65,47,63
2015-03-06,17,64,26,7,10,49,49,74,43,64
2015-03-07,16,65,30,21,21,52,46,79,63,72
2015-03-08,13,61,36,25,13,58,69,73,50,64
2015-03-09,13,50,29,17,10,35,43,54,30,52
2015-03-10,23,55,30,13,17,41,42,53,44,51
2015-03-11,21,45,24,14,10,59,36,67,31,59
2015-03-12,24,46,25,18,17,36,56,67,45,56
2015-03-13,25,50,33,12,16,68,45,70,55,69
2015-03-14,15,63,35,25,16,50,63,75,46,64
2015-03-15,20,58,46,20,12,56,60,81,42,66
2015-03-16,13,48,20,17,19,35,42,40,19,43
2015-03-17,15,39,23,18,17,44,40,57,28,49
2015-03-18,16,44,29,17,16,38,38,58,37,61
2015-03-19,17,33,33,21,13,40,42,69,37,50
2015-03-20,31,61,44,15,14,54,51,68,51,49
2015-03-21,25,41,35,20,20,58,58,63,48,69
2015-03-22,23,60,32,13,20,61,56,80,49,87
2015-03-23,16,45,28,12,14,38,37,50,24,56
2015-03-24,18,42,22,15,13,42,42,60,42,58
2015-03-25,13,46,22,13,19,40,40,70,40,62
2015-03-26,10,42,30,17,14,57,42,62,36,55
2015-03-27,16,61,30,18,15,46,50,65,40,71
2015-03-28,12,65,35,19,11,42,42,69,39,55
2015-03-29,25,55,31,26,20,45,67,71,42,72
2015-03-30,19,32,19,20,10,34,22,52,28,54
2015-03-31,18,43,35,24,12,49,42,63,49,41
2015-04-01,24,48,38,12,20,51,47,60,44,62
2015-04-02,20,60,34,21,9,57,55,71,49,70
2015-04-03,27,47,37,26,29,69,58,87,45,72
2015-04-04,26,64,38,30,13,70,62,75,51,85
2015-04-05,20,79,35,32,25,66,77,91,63,75
2015-04-06,20,55,36,12,24,41,41,49,40,60
2015-04-07,19,51,45,28,11,42,61,86,43,51
2015-04-08,17,53,27,23,15,58,62,72,51,56
2015-04-09,20,61,37,24,20,57,61,71,54,65
2015-04-10,24,53,39,20,18,49,68,83,43,74
2015-04-11,17,69,39,27,22,70,66,77,56,81
2015-04-12,21,61,41,19,19,54,68,82,59,90
2015-04-13,14,39,24,15,9,41,42,63,52,70
2015-04-14,26,43,21,21,22,52,59,81,48,57
2015-04-15,26,41,29,19,12,52,60,57,52,52
2015-04-16,20,69,33,26,8,44,69,71,68,60
2015-04-17,22,58,37,22,13,55,53,69,53,78
2015-04-18,23,60,35,18,18,62,68,84,48,78
2015-04-19,24,65,54,27,22,70,71,89,64,92
2015-04-20,17,41,26,13,12,33,51,55,35,63
2015-04-21,25,56,33,21,17,49,34,80,35,49
2015-04-22,19,49,35,21,13,60,55,51,47,55
2015-04-23,17,67,29,27,18,59,51,49,52,72
2015-04-24,11,61,32,25,17,56,50,86,53,90
2015-04-25,29,70,57,25,24,61,61,68,57,81
2015-04-26,30,66,41,26,18,54,74,103,63,88
2015-04-27,22,40,22,16,8,40,48,61,41,53
2015-04-28,27,57,30,24,14,55,52,75,45,51
2015-04-29,18,53,32,20,10,39,50,60,46,62
2015-04-30,27,64,42,26,15,57,52,73,39,68
2015-05-01,20,62,49,26,17,74,57,79,58,93
2015-05-02,22,77,50,24,23,63,70,84,65,84
2015-05-03,33,85,60,21,26,78,73,102,63,98
2015-05-04,14,51,36,21,16,58,48,50,50,67
2015-05-05,25,50,29,16,19,56,57,62,46,71
2015-05-06,13,60,31,14,16,56,53,75,52,65
2015-05-07,23,69,39,18,26,57,48,70,39,81
2015-05-08,22,60,30,32,18,58,69,72,45,77
2015-05-09,29,61,42,30,22,65,64,88,69,92
2015-05-10,29,78,50,25,12,71,70,93,52,102
2015-05-11,24,57,31,15,16,57,49,53,34,57
2015-05-12,21,57,26,20,26,44,63,70,42,49
2015-05-13,14,58,41,18,7,49,49,90,57,75
2015-05-14,17,61,44,22,16,64,56,79,51,61
2015-05-15,27,59,52,34,18,69,67,81,61,95
2015-05-16,31,77,41,21,26,60,79,72,72,87
2015-05-17,27,61,37,34,22,86,63,81,67,111
2015-05-18,11,50,33,24,10,52,67,55,39,68
2015-05-19,28,58,33,22,18,72,47,55,53,65
2015-05-20,17,48,31,19,13,57,54,76,38,66
2015-05-21,27,60,39,23,22,62,67,69,54,81
2015-05-22,22,68,40,29,14,59,55,82,59,91
2015-05-23,24,65,47,28,22,67,70,83,66,90
2015-05-24,27,81,38,28,21,74,78,93,61,84
2015-05-25,19,44,34,15,16,45,46,62,38,62
2015-05-26,19,66,47,16,20,63,52,79,57,65
2015-05-27,22,57,37,24,14,58,68,62,52,77
2015-05-28,23,72,43,21,12,63,66,69,55,68
2015-05-29,18,45,40,32,19,57,54,77,69,83
2015-05-30,36,65,37,31,15,62,85,92,55,103
2015-05-31,27,79,49,29,17,83,86,80,55,79
2015-06-01,23,49,29,16,16,40,48,67,54,64
2015-06-02,15,55,30,25,21,60,59,73,55,69
2015-06-03,23,56,40,24,20,58,55,78,52,68
2015-06-04,25,66,43,25,20,66,69,89,53,86
2015-06-05,18,65,46,33,20,76,65,100,46,85
2015-06-06,43,82,49,26,26,59,72,106,67,96
2015-06-07,22,76,48,31,28,63,64,108,76,104
2015-06-08,18,44,36,12,23,51,56,66,46,53
2015-06-09,19,62,43,30,18,50,67,89,53,75
2015-06-10,22,61,51,17,26,63,54,76,50,83
2015-06-11,29,38,42,23,17,62,62,85,47,81
2015-06-12,23,55,45,16,24,64,71,88,53,80
2015-06-13,28,71,43,27,29,71,85,96,72,86
2015-06-14,30,76,41,32,17,59,74,106,75,110
2015-06-15,19,45,38,21,17,55,47,62,49,63
2015-06-16,17,46,39,16,17,71,67,75,46,88
2015-06-17,28,78,40,23,14,51,47,72,55,75
2015-06-18,29,53,42,21,23,69,73,86,60,76
2015-06-19,20,68,58,26,21,74,65,95,76,77
2015-06-20,30,71,34,24,17,69,69,111,63,89
2015-06-21,34,69,44,26,18,67,84,98,64,99
2015-06-22,14,60,27,14,19,54,47,55,49,54
2015-06-23,27,50,51,19,14,59,52,74,48,80
2015-06-24,26,65,48,21,31,65,60,68,57,69
2015-06-25,21,52,43,24,17,62,79,91,61,101
2015-06-26,30,48,50,21,18,71,68,94,55,83
2015-06-27,31,55,34,29,30,71,80,76,76,78
2015-06-28,35,74,35,27,27,70,85,85,81,94
2015-06-29,26,67,25,12,12,43,55,81,45,66
2015-06-30,23,71,21,25,14,59,59,74,41,84
2015-07-01,21,48,36,30,14,61,61,81,55,81
2015-07-02,26,65,37,24,24,57,59,98,52,75
2015-07-03,30,62,35,30,23,75,75,93,69,90
2015-07-04,40,90,49,32,22,73,98,108,79,100
2015-07-05,30,84,53,37,21,73,75,103,64,89
2015-07-06,20,43,27,17,13,44,60,70,39,54
2015-07-07,24,62,38,18,18,56,69,88,61,72
2015-07-08,21,57,39,29,17,69,49,85,55,101
2015-07-09,33,74,26,20,18,52,59,87,62,95
2015-07-10,26,60,52,22,24,62,72,100,57,91
2015-07-11,30,67,59,39,18,85,62,114,61,84
2015-07-12,19,59,61,16,28,73,83,101,76,120
2015-07-13,22,53,30,21,22,62,54,52,43,58
2015-07-14,19,54,46,35,15,56,69,84,69,83
2015-07-15,20,72,34,16,19,66,53,65,59,67
2015-07-16,41,62,44,32,20,70,68,89,66,79
2015-07-17,31,76,49,23,20,76,71,99,57,87
2015-07-18,38,71,54,18,20,63,100,89,80,83
2015-07-19,38,76,45,29,27,87,81,89,79,98
2015-07-20,22,41,38,18,8,48,52,75,49,69
2015-07-21,29,60,43,19,20,54,75,87,56,78
2015-07-22,27,57,38,22,31,69,59,66,47,80
2015-07-23,17,44,41,26,19,63,72,98,66,99
2015-07-24,29,68,53,26,24,64,77,91,75,89
2015-07-25,34,72,53,25,24,99,74,101,64,93
2015-07-26,38,65,57,29,27,91,85,102,60,96
2015-07-27,13,47,23,14,20,64,52,52,38,70
2015-07-28,27,67,49,30,10,59,69,79,54,67
2015-07-29,26,53,38,29,22,70,61,94,65,83
2015-07-30,22,78,36,30,20,65,63,80,59,82
2015-07-31,29,80,42,27,24,49,75,82,59,91
2015-08-01,28,64,41,21,23,68,67,89,69,87
2015-08-02,19,82,35,24,13,62,72,94,54,78
2015-08-03,20,44,30,17,16,57,63,66,44,61
2015-08-04,26,58,31,19,21,56,48,70,52,56
2015-08-05,20,54,40,27,19,65,57,77,54,65
2015-08-06,25,65,40,19,19,63,68,88,43,80
2015-08-07,22,74,42,21,30,66,60,94,50,80
2015-08-08,19,58,36,19,22,69,67,92,54,100
2015-08-09,33,69,37,24,24,79,64,86,51,84
2015-08-10,14,45,28,17,10,39,43,54,52,63
2015-08-11,16,56,39,19,15,44,58,78,53,70
2015-08-12,24,59,40,21,22,51,57,80,59,76
2015-08-13,25,63,34,34,19,56,39,65,54,58
2015-08-14,23,70,34,16,19,65,54,74,54,94
2015-08-15,26,67,45,27,24,59,59,83,55,88
2015-08-16,27,66,47,32,26,74,76,92,69,95
2015-08-17,14,54,29,26,10,52,54,59,34,75
2015-08-18,18,50,24,32,22,44,62,75,50,59
2015-08-19,24,62,33,18,19,49,66,80,40,63
2015-08-20,17,48,50,13,20,47,60,88,50,88
2015-08-21,29,76,36,27,23,65,61,70,53,98
2015-08-22,22,75,45,27,18,67,69,84,60,91
2015-08-23,19,73,42,30,24,62,68,100,61,84
2015-08-24,19,46,26,15,17,39,37,58,38,62
2015-08-25,22,54,37,17,20,62,74,66,54,64
2015-08-26,26,66,31,16,21,62,52,81,49,89
2015-08-27,23,68,47,22,23,43,64,74,57,75
2015-08-28,25,73,41,23,20,51,58,81,54,65
2015-08-29,36,63,48,23,17,72,84,84,60,74
2015-08-30,25,66,50,25,26,93,78,112,53,89
2015-08-31,20,47,40,20,14,42,42,61,41,67
2015-09-01,27,54,27,18,23,51,48,56,36,73
2015-09-02,22,55,27,14,15,67,49,62,29,47
2015-09-03,16,49,33,24,16,58,48,74,64,82
2015-09-04,16,58,43,20,18,57,54,82,42,78
2015-09-05,34,65,37,21,22,67,60,85,49,71
2015-09-06,25,67,35,30,14,69,51,95,72,96
2015-09-07,17,46,33,16,18,49,36,57,40,63
2015-09-08,25,37,36,16,11,48,51,83,43,63
2015-09-09,13,44,39,24,14,47,40,69,46,70
2015-09-10,25,53,43,20,23,53,49,86,41,74
2015-09-11,28,63,37,25,17,55,60,75,53,66
2015-09-12,24,74,60,34,22,61,67,74,57,69
2015-09-13,28,64,47,23,18,74,61,96,56,86
2015-09-14,22,37,26,16,18,46,36,59,28,63
2015-09-15,21,42,25,25,13,51,44,75,32,70
2015-09-16,23,55,36,26,16,35,56,74,42,68
2015-09-17,19,47,44,25,14,45,56,61,62,62
2015-09-18,16,68,26,17,14,67,70,83,53,77
2015-09-19,40,61,38,31,11,62,64,85,50,89
2015-09-20,28,44,42,27,22,66,54,83,58,86
2015-09-21,18,43,36,20,12,44,32,56,49,54
2015-09-22,20,55,36,16,13,53,60,83,60,69
2015-09-23,22,48,29,20,15,62,40,60,50,70
2015-09-24,28,50,37,29,14,53,63,71,48,66
2015-09-25,20,50,43,13,20,60,57,60,55,76
2015-09-26,20,68,43,23,24,67,77,78,52,74
2015-09-27,32,67,55,16,26,63,53,85,58,69
2015-09-28,15,46,27,25,17,38,45,58,36,47
2015-09-29,19,51,39,17,15,48,55,76,40,72
2015-09-30,15,64,33,19,16,59,54,58,35,62
2015-10-01,25,47,26,21,12,54,61,62,50,55
2015-10-02,12,53,21,25,10,44,55,90,40,70
2015-10-03,20,66,40,22,16,48,60,86,54,76
2015-10-04,22,64,41,28,11,68,64,72,50,80
2015-10-05,13,48,31,9,17,47,38,61,36,41
2015-10-06,14,39,31,15,17,50,40,56,48,62
2015-10-07,19,42,34,23,13,34,40,53,41,66
2015-10-08,21,45,34,15,21,52,59,63,47,65
2015-10-09,27,56,32,16,17,54,68,68,45,67
2015-10-10,22,46,37,17,22,67,59,82,53,68
2015-10-11,25,81,35,26,19,56,64,88,60,77
2015-10-12,12,38,28,8,9,39,45,64,42,69
2015-10-13,24,46,44,18,6,61,60,63,46,69
2015-10-14,26,40,30,17,12,54,56,54,40,46
2015-10-15,19,59,26,20,15,36,62,65,50,65
2015-10-16,23,55,24,24,12,67,50,77,47,78
2015-10-17,22,69,32,16,17,48,61,83,53,69
2015-10-18,25,71,36,19,26,61,77,66,42,87
2015-10-19,19,45,32,16,14,33,51,39,32,50
2015-10-20,21,54,31,23,14,47,38,59,45,54
2015-10-21,24,46,36,21,14,61,38,54,40,56
2015-10-22,17,68,39,27,20,63,40,72,42,78
2015-10-23,28,46,33,27,17,52,55,71,60,44
2015-10-24,24,62,32,14,20,58,60,81,62,68
2015-10-25,33,55,39,36,23,56,76,85,45,85
2015-10-26,18,36,30,11,7,34,35,57,40,55
2015-10-27,18,50,40,20,15,50,40,64,42,60
2015-10-28,8,35,38,20,20,36,50,61,51,63
2015-10-29,17,44,38,18,15,48,47,63,49,78
2015-10-30,19,59,37,17,18,66,61,71,58,67
2015-10-31,30,57,34,15,17,50,55,79,47,86
2015-11-01,26,68,46,23,13,66,67,68,48,85
2015-11-02,16,42,22,16,13,41,41,66,34,61
2015-11-03,25,56,28,19,21,48,42,64,39,75
2015-11-04,26,65,25,26,15,68,49,87,45,61
2015-11-05,21,54,37,21,16,64,56,64,39,64
2015-11-06,24,67,37,17,16,54,73,80,36,79
2015-11-07,25,55,39,17,19,60,47,71,67,72
2015-11-08,25,68,47,22,26,60,57,81,63,83
2015-11-09,16,35,27,19,3,41,38,59,38,56
2015-11-10,15,53,22,16,14,49,44,67,52,67
2015-11-11,24,58,42,21,13,51,63,58,40,57
2015-11-12,19,55,42,21,19,53,47,84,41,73
2015-11-13,21,54,32,16,11,49,56,69,55,65
2015-11-14,37,51,43,23,12,49,56,86,48,70
2015-11-15,31,68,43,27,17,55,72,73,53,79
2015-11-16,14,47,30,14,14,33,58,72,33,47
2015-11-17,19,52,34,19,15,47,58,75,40,61
2015-11-18,30,62,36,9,11,46,55,68,43,63
2015-11-19,26,67,29,15,18,42,67,60,47,71
2015-11-20,27,51,43,16,23,75,67,88,53,72
2015-11-21,22,54,36,17,22,60,79,71,52,76
2015-11-22,30,66,43,28,19,62,57,81,48,92
2015-11-23,21,44,25,16,11,46,43,61,44,58
2015-11-24,20,53,27,23,16,50,45,63,65,70
2015-11-25,16,50,32,23,17,42,45,65,45,69
2015-11-26,19,60,38,18,24,58,50,74,50,60
2015-11-27,33,55,32,28,28,51,59,85,54,57
2015-11-28,24,69,41,31,19,61,62,85,66,76
2015-11-29,27,62,49,24,30,62,69,79,50,85
2015-11-30,5,39,32,20,14,47,43,58,29,49
2015-12-01,13,42,15,18,14,37,40,48,35,45
2015-12-02,12,32,22,17,7,39,38,48,32,46
2015-12-03,14,43,12,12,9,44,37,57,32,49
2015-12-04,29,42,23,16,17,30,49,52,37,57
2015-12-05,12,50,33,25,20,54,49,60,41,58
2015-12-06,14,54,40,16,14,47,44,64,37,57
2015-12-07,14,34,20,9,10,26,28,45,23,39
2015-12-08,13,38,24,11,7,35,28,43,43,46
2015-12-09,18,33,19,13,14,41,43,44,37,50
2015-12-10,14,43,30,23,18,34,41,49,37,44
2015-12-11,21,37,25,7,12,51,44,50,38,38
2015-12-12,23,38,34,18,8,47,50,44,40,56
2015-12-13,14,46,39,16,12,43,38,69,29,66
2015-12-14,10,23,22,12,9,32,28,43,26,40
2015-12-15,12,36,24,11,12,32,38,50,26,48
2015-12-16,19,42,26,17,10,44,47,48,33,37
2015-12-17,9,37,23,16,11,36,30,42,35,54
2015-12-18,19,36,36,24,12,25,46,58,35,48
2015-12-19,21,48,24,10,15,40,44,73,33,61
2015-12-20,17,47,22,14,16,41,40,61,42,55
2015-12-21,10,33,18,11,11,27,24,63,31,45
2015-12-22,13,22,29,12,15,32,41,48,28,46
2015-12-23,14,41,22,11,17,42,26,50,32,33
2015-12-24,7,31,32,16,12,51,48,62,51,47
2015-12-25,19,37,20,17,9,42,41,76,34,58
2015-12-26,13,59,23,14,19,53,45,51,35,61
2015-12-27,17,55,19,18,10,58,43,74,46,58
2015-12-28,4,35,8,5,10,26,27,47,30,36
2015-12-29,12,43,28,15,5,41,47,59,26,44
2015-12-30,15,34,21,15,15,38,37,55,35,52
2015-12-31,18,36,17,22,10,40,50,61,32,45
2016-01-01,21,32,23,15,14,34,30,56,47,48
2016-01-02,13,43,22,15,12,36,44,68,37,56
2016-01-03,12,47,31,21,14,60,32,58,31,75
2016-01-04,12,22,23,12,5,23,19,41,16,42
2016-01-05,12,34,18,12,13,40,27,43,35,39
2016-01-06,16,38,20,12,8,37,36,58,34,51
2016-01-07,12,45,24,16,16,41,27,42,37,46
2016-01-08,12,34,40,10,16,41,40,50,35,45
2016-01-09,16,52,31,23,13,54,26,57,28,49
2016-01-10,26,44,35,13,22,37,48,54,41,67
2016-01-11,7,33,15,11,3,26,38,36,18,39
2016-01-12,13,52,34,10,9,37,24,50,38,45
2016-01-13,9,36,24,12,9,40,39,39,25,58
2016-01-14,18,45,27,14,12,43,31,54,37,52
2016-01-15,13,48,27,12,13,43,45,55,28,55
2016-01-16,8,35,27,12,18,40,47,67,33,62
2016-01-17,13,54,31,19,19,46,42,83,39,69
2016-01-18,7,30,22,7,8,24,21,39,16,50
2016-01-19,17,23,21,17,13,39,41,43,44,41
2016-01-20,13,41,20,14,18,36,44,45,27,40
2016-01-21,12,48,22,13,15,38,42,47,32,44
2016-01-22,15,48,29,17,13,41,44,53,35,49
2016-01-23,23,48,32,10,16,52,40,59,40,52
2016-01-24,21,48,31,25,14,43,48,49,44,45
2016-01-25,15,38,21,11,11,32,28,41,20,30
2016-01-26,18,38,18,12,18,47,41,46,42,34
2016-01-27,14,31,21,12,15,31,41,44,32,53
2016-01-28,17,35,22,15,13,45,29,46,31,46
2016-01-29,16,40,26,19,13,38,49,55,37,61
2016-01-30,14,42,27,19,16,45,56,62,40,62
2016-01-31,14,44,31,17,14,56,48,62,39,61
2016-02-01,16,53,14,10,16,35,36,41,36,36
2016-02-02,16,34,28,14,17,39,39,49,36,40
2016-02-03,19,52,26,20,12,43,43,57,34,50
2016-02-04,9,45,27,20,14,40,42,59,33,43
2016-02-05,14,49,32,10,16,53,39,63,42,64
2016-02-06,14,48,34,21,19,59,56,72,51,72
2016-02-07,18,55,33,17,14,47,46,75,47,56
2016-02-08,12,30,22,15,6,26,26,43,25,34
2016-02-09,14,45,35,12,18,49,43,48,36,39
2016-02-10,16,41,33,25,15,43,45,36,27,36
2016-02-11,14,52,27,24,18,40,42,53,48,57
2016-02-12,15,46,24,13,12,46,43,60,42,71
2016-02-13,10,44,33,17,15,60,47,74,42,65
2016-02-14,23,44,30,21,12,54,45,73,44,70
2016-02-15,8,33,18,11,11,43,49,31,40,48
2016-02-16,19,39,30,8,13,42,37,63,34,50
2016-02-17,29,45,22,11,15,36,39,57,37,56
2016-02-18,17,56,25,15,17,48,42,68,45,63
2016-02-19,18,46,27,24,13,40,38,69,44,58
2016-02-20,18,43,27,26,21,63,57,55,37,58
2016-02-21,21,49,37,28,18,60,40,78,50,68
2016-02-22,16,41,27,13,9,37,35,43,34,55
2016-02-23,16,44,28,20,14,31,26,44,43,46
2016-02-24,10,28,32,14,11,35,40,66,37,51
2016-02-25,12,48,20,15,10,43,44,59,36,40
2016-02-26,9,41,27,26,13,40,49,54,42,51
2016-02-27,21,43,21,16,16,58,51,68,44,67
2016-02-28,12,41,32,14,20,52,52,71,43,63
2016-02-29,14,35,20,11,12,40,37,44,37,65
2016-03-01,16,57,32,16,19,53,44,64,26,68
2016-03-02,17,45,22,21,19,54,51,54,37,76
2016-03-03,20,58,40,15,19,53,48,61,49,61
2016-03-04,17,61,36,20,13,74,74,54,56,68
2016-03-05,17,71,43,20,22,73,54,88,42,65
2016-03-06,22,66,35,23,22,75,71,77,53,66
2016-03-07,17,44,26,16,13,51,34,50,31,60
2016-03-08,9,35,34,18,13,51,48,66,38,51
2016-03-09,18,54,38,17,20,48,51,58,44,72
2016-03-10,15,42,46,24,17,46,48,68,46,68
2016-03-11,22,44,26,20,12,65,63,75,53,56
2016-03-12,17,61,38,25,15,51,64,86,44,77
2016-03-13,23,59,34,18,26,66,64,92,54,82
2016-03-14,13,43,18,10,15,49,47,54,37,56
2016-03-15,11,44,24,18,7,56,43,68,42,60
2016-03-16,23,46,28,22,15,46,43,75,43,44
2016-03-17,19,54,24,24,20,43,54,66,62,58
2016-03-18,21,62,37,23,11,62,59,68,50,67
2016-03-19,25,53,44,27,21,55,54,82,43,73
2016-03-20,25,63,39,18,15,50,64,82,61,89
2016-03-21,22,39,21,13,14,55,52,61,40,50
2016-03-22,17,52,25,17,20,49,46,56,40,64
2016-03-23,19,49,36,20,16,58,49,77,37,70
2016-03-24,18,54,30,22,15,58,55,67,52,53
2016-03-25,27,61,44,28,18,56,72,74,43,74
2016-03-26,22,53,37,12,18,58,49,87,50,74
2016-03-27,28,66,37,20,23,62,53,93,58,84
2016-03-28,16,39,27,17,12,42,45,66,24,51
2016-03-29,22,47,30,16,17,60,57,54,32,60
2016-03-30,14,49,21,14,8,37,51,64,45,67
2016-03-31,17,57,29,20,20,50,55,85,47,61
2016-04-01,32,73,40,26,15,63,66,83,66,84
2016-04-02,24,58,28,26,21,78,78,99,59,75
2016-04-03,29,85,43,22,17,59,75,106,64,91
2016-04-04,18,48,36,18,12,45,47,61,41,75
2016-04-05,20,52,32,25,17,51,75,70,64,63
2016-04-06,25,67,35,17,26,54,55,70,60,59
2016-04-07,18,54,40,25,15,52,73,80,44,83
2016-04-08,23,71,50,28,18,65,59,86,63,64
2016-04-09,22,68,36,30,12,62,56,97,67,92
2016-04-10,36,74,67,21,30,71,78,97,51,95
2016-04-11,18,36,33,29,14,57,46,58,47,64
2016-04-12,30,55,29,20,14,47,63,82,59,64
2016-04-13,24,56,28,20,23,46,47,74,39,74
2016-04-14,22,71,38,21,15,74,62,69,52,77
2016-04-15,23,60,34,22,24,65,66,77,59,87
2016-04-16,22,66,48,27,18,77,62,83,69,85
2016-04-17,18,60,39,26,24,72,70,72,68,105
2016-04-18,23,45,26,19,14,43,51,43,38,52
2016-04-19,23,50,23,22,17,59,63,77,42,51
2016-04-20,18,57,43,29,16,51,57,82,56,73
2016-04-21,20,60,43,21,21,65,61,89,39,72
2016-04-22,22,65,35,23,20,58,57,80,58,85
2016-04-23,23,71,44,26,36,80,65,100,55,82
2016-04-24,26,56,43,26,27,75,77,101,57,83
2016-04-25,15,36,34,18,20,44,52,65,35,55
2016-04-26,20,59,32,22,15,70,57,79,53,72
2016-04-27,19,62,31,27,20,47,50,68,58,79
2016-04-28,21,59,34,20,20,67,63,85,63,84
2016-04-29,30,52,32,24,20,62,79,95,64,104
2016-04-30,30,65,37,26,20,70,73,100,75,84
2016-05-01,30,87,53,22,18,75,75,105,77,90
2016-05-02,18,54,30,25,17,53,47,69,44,59
2016-05-03,29,67,35,25,21,51,44,74,63,73
2016-05-04,24,57,37,20,11,60,71,82,55,77
2016-05-05,17,50,59,31,16,62,76,80,50,94
2016-05-06,23,85,50,32,21,73,58,103,65,82
2016-05-07,23,82,54,24,15,70,76,79,59,90
2016-05-08,26,64,49,23,17,74,73,110,72,104
2016-05-09,18,49,40,27,14,49,64,64,37,69
2016-05-10,29,58,35,29,21,62,62,62,57,78
2016-05-11,21,71,39,27,24,76,59,83,55,76
2016-05-12,19,68,39,23,26,76,49,90,55,92
2016-05-13,26,61,44,25,24,56,66,85,38,85
2016-05-14,30,74,32,40,26,84,98,99,63,86
2016-05-15,39,65,46,27,24,95,78,100,72,90
2016-05-16,13,50,36,24,16,56,52,73,47,63
2016-05-17,25,61,34,17,16,43,59,79,69,74
2016-05-18,33,51,43,25,20,47,63,86,48,79
2016-05-19,26,69,44,19,23,71,65,70,56,82
2016-05-20,28,78,46,23,23,58,74,82,61,68
2016-05-21,35,65,51,21,22,71,53,88,72,91
2016-05-22,32,76,43,29,23,87,69,116,70,111
2016-05-23,22,50,36,19,18,49,53,77,38,74
2016-05-24,26,62,34,25,13,63,63,73,58,76
2016-05-25,29,54,39,28,28,50,64,77,56,65
2016-05-26,17,65,52,21,22,57,67,99,61,70
2016-05-27,26,60,34,22,21,69,58,86,65,82
2016-05-28,33,81,55,22,10,81,65,81,69,80
2016-05-29,29,79,33,35,28,71,72,97,80,106
2016-05-30,18,48,36,22,15,65,51,59,53,56
2016-05-31,18,62,39,27,26,67,54,83,47,83
2016-06-01,24,68,40,27,26,69,71,80,55,81
2016-06-02,25,60,48,29,26,60,77,94,67,86
2016-06-03,38,77,40,25,22,89,55,96,67,99
2016-06-04,28,103,57,24,23,81,67,105,60,94
2016-06-05,35,66,48,34,29,81,93,114,76,80
2016-06-06,23,52,19,27,16,52,63,83,47,60
2016-06-07,22,63,43,25,20,54,73,82,54,92
2016-06-08,22,61,36,30,18,71,52,82,65,78
2016-06-09,24,62,32,27,19,58,75,96,56,69
2016-06-10,34,51,50,28,29,75,63,96,63,89
2016-06-11,31,84,36,27,26,76,81,88,70,82
2016-06-12,22,77,59,32,29,74,85,121,80,91
2016-06-13,22,51,38,16,20,51,61,67,54,72
2016-06-14,25,70,43,21,7,59,53,83,57,77
2016-06-15,22,56,52,29,21,61,53,73,59,71
2016-06-16,30,61,37,23,22,67,67,86,63,81
2016-06-17,22,71,50,29,18,80,82,85,62,85
2016-06-18,27,97,47,30,26,68,83,96,61,105
2016-06-19,28,96,46,30,28,73,77,120,67,97
2016-06-20,15,54,35,21,13,56,43,83,38,64
2016-06-21,25,62,40,25,23,54,69,83,47,74
2016-06-22,25,69,34,20,20,74,62,89,49,68
2016-06-23,23,80,46,34,9,70,70,90,68,83
2016-06-24,31,66,43,24,14,77,78,90,67,99
2016-06-25,31,82,42,39,29,76,75,102,68,90
2016-06-26,32,70,57,38,19,73,73,87,72,111
2016-06-27,26,57,24,28,16,40,58,65,50,93
2016-06-28,28,60,40,14,20,65,79,89,46,90
2016-06-29,25,65,38,29,22,66,60,78,66,67
2016-06-30,25,71,56,25,33,68,69,75,49,76
2016-07-01,42,85,51,29,29,74,84,101,73,108
2016-07-02,32,95,35,28,30,83,95,105,80,105
2016-07-03,35,90,54,19,23,96,81,93,67,93
2016-07-04,18,63,35,26,20,56,48,74,57,96
2016-07-05,31,74,53,27,21,57,52,91,68,84
2016-07-06,22,75,40,23,25,81,73,95,53,85
2016-07-07,33,82,41,32,27,69,62,93,65,99
2016-07-08,34,90,31,32,21,87,77,102,67,96
2016-07-09,35,74,55,30,24,77,96,108,94,85
2016-07-10,28,89,54,31,31,90,95,99,75,96
2016-07-11,18,61,41,19,17,65,56,87,52,74
2016-07-12,27,75,41,25,22,73,54,79,44,85
2016-07-13,30,61,39,19,14,70,78,100,74,87
2016-07-14,22,79,57,19,30,70,68,100,57,85
2016-07-15,33,66,47,35,18,82,80,117,79,110
2016-07-16,34,84,50,26,36,84,85,114,56,99
2016-07-17,37,104,60,41,22,94,87,120,73,119
2016-07-18,24,74,44,27,22,53,63,81,51,69
2016-07-19,25,59,43,21,25,91,51,101,50,79
2016-07-20,22,63,46,29,21,75,68,102,70,95
2016-07-21,34,74,45,27,26,71,72,84,53,91
2016-07-22,26,75,51,34,28,81,75,110,65,95
2016-07-23,34,79,49,31,30,63,87,112,70,108
2016-07-24,25,80,70,40,22,88,115,114,70,111
2016-07-25,21,62,39,15,17,62,55,66,57,79
2016-07-26,24,66,35,24,26,83,82,70,50,75
2016-07-27,28,70,37,33,17,71,66,73,47,84
2016-07-28,30,71,55,35,18,77,65,94,64,76
2016-07-29,30,84,45,23,33,76,73,112,53,89
2016-07-30,38,89,50,25,21,77,78,121,75,109
2016-07-31,31,94,50,31,28,103,82,114,92,116
2016-08-01,21,60,17,28,19,46,44,64,48,58
2016-08-02,22,53,35,29,13,65,54,69,51,79
2016-08-03,28,58,36,17,21,59,66,77,45,67
2016-08-04,34,56,35,19,24,59,69,79,52,77
2016-08-05,24,61,36,31,22,77,67,76,51,81
2016-08-06,20,65,46,31,28,65,76,113,62,107
2016-08-07,31,84,38,35,28,77,59,87,68,92
2016-08-08,11,48,36,15,22,64,49,60,52,70
2016-08-09,26,65,50,11,19,66,54,88,45,77
2016-08-10,21,55,26,15,27,55,64,89,57,80
2016-08-11,23,64,37,28,19,81,59,92,63,64
2016-08-12,16,76,48,22,13,72,52,99,76,76
2016-08-13,27,65,52,21,24,71,84,102,77,104
2016-08-14,36,100,46,29,24,77,81,94,66,85
2016-08-15,24,55,31,17,17,41,56,76,52,53
2016-08-16,15,52,35,21,23,73,72,85,51,80
2016-08-17,25,57,36,16,15,62,55,80,58,53
2016-08-18,26,67,36,30,22,75,58,90,54,87
2016-08-19,29,60,41,27,20,67,64,87,62,98
2016-08-20,30,66,48,27,19,74,74,87,71,91
2016-08-21,22,88,38,33,33,76,72,89,60,99
2016-08-22,15,47,30,17,19,50,57,68,60,49
2016-08-23,24,58,36,18,28,70,62,83,50,69
2016-08-24,32,71,46,31,15,55,52,77,61,74
2016-08-25,17,60,43,21,23,74,68,59,51,80
2016-08-26,25,82,47,28,23,64,56,84,56,70
2016-08-27,24,81,40,32,21,69,79,95,61,93
2016-08-28,34,89,43,25,30,93,67,113,68,97
2016-08-29,14,60,41,23,14,55,50,64,60,65
2016-08-30,14,50,25,21,14,53,66,79,73,87
2016-08-31,17,63,43,21,16,62,58,82,59,84
2016-09-01,18,53,31,13,12,64,66,90,48,81
2016-09-02,20,74,39,22,14,81,77,75,50,80
2016-09-03,31,84,48,35,22,56,56,83,63,79
2016-09-04,25,77,49,23,15,81,67,89,53,79
2016-09-05,32,47,30,25,20,39,50,61,41,55
2016-09-06,28,55,35,22,21,54,48,79,41,67
2016-09-07,18,59,33,18,16,56,56,63,45,70
2016-09-08,28,56,37,16,19,68,60,72,58,105
2016-09-09,26,51,49,18,28,64,54,89,68,79
2016-09-10,25,59,41,24,19,74,53,83,71,75
2016-09-11,24,62,42,26,26,72,72,81,61,75
2016-09-12,24,46,34,15,17,45,46,60,40,59
2016-09-13,24,51,31,22,19,50,47,70,36,80
2016-09-14,19,67,41,18,15,60,59,88,65,68
2016-09-15,20,52,39,40,24,64,55,88,60,71
2016-09-16,19,47,58,25,19,69,57,96,61,87
2016-09-17,19,66,36,27,22,84,53,89,49,67
2016-09-18,27,71,45,24,25,59,69,94,62,88
2016-09-19,19,52,29,21,14,42,63,45,48,50
2016-09-20,23,52,42,23,21,53,61,75,45,61
2016-09-21,25,64,34,19,18,63,51,59,67,66
2016-09-22,25,56,41,21,25,59,65,71,62,95
2016-09-23,24,60,36,32,19,64,64,78,50,73
2016-09-24,26,76,44,19,28,59,73,93,60,79
2016-09-25,27,91,41,31,18,63,89,97,62,93
2016-09-26,17,51,38,18,15,52,45,52,38,54
2016-09-27,18,45,31,17,23,50,53,84,52,72
2016-09-28,27,57,30,26,21,60,53,77,49,85
2016-09-29,28,59,36,24,12,56,57,71,62,81
2016-09-30,23,67,43,25,17,75,59,65,60,58
2016-10-01,25,69,38,25,18,68,63,102,56,68
2016-10-02,26,64,48,19,16,65,61,84,63,72
2016-10-03,20,39,30,19,10,57,35,65,46,56
2016-10-04,28,51,24,12,22,45,54,62,37,56
2016-10-05,17,56,21,24,8,39,57,67,49,69
2016-10-06,22,61,42,19,20,55,62,75,65,69
2016-10-07,19,56,39,16,21,56,56,72,46,65
2016-10-08,24,70,35,31,24,77,79,81,70,77
2016-10-09,29,66,40,32,27,53,58,82,54,81
2016-10-10,18,51,30,23,12,49,54,63,55,49
2016-10-11,18,54,32,19,16,45,44,87,44,70
2016-10-12,16,51,39,28,17,77,61,61,63,70
2016-10-13,16,67,31,25,18,49,57,69,52,61
2016-10-14,32,80,30,21,13,50,62,83,61,71
2016-10-15,32,62,42,23,15,51,62,83,59,98
2016-10-16,26,66,48,27,21,77,60,92,50,77
2016-10-17,20,46,30,10,19,37,44,67,33,60
2016-10-18,21,50,27,27,16,60,61,72,58,62
2016-10-19,20,59,31,17,20,57,40,59,39,54
2016-10-20,30,62,35,26,13,70,61,73,49,74
2016-10-21,25,51,28,24,22,76,56,81,39,84
2016-10-22,26,70,41,35,15,63,61,75,56,91
2016-10-23,21,69,43,23,26,82,62,107,62,78
2016-10-24,16,49,26,13,15,49,49,59,37,62
2016-10-25,13,58,32,25,19,48,46,70,44,68
2016-10-26,16,49,30,13,16,45,63,78,48,60
2016-10-27,25,52,29,21,22,49,61,69,55,72
2016-10-28,18,67,37,31,26,59,51,71,51,66
2016-10-29,23,59,42,28,25,78,60,69,54,85
2016-10-30,33,58,44,17,16,79,77,80,53,69
2016-10-31,24,44,32,14,17,44,46,61,42,46
2016-11-01,22,50,40,15,17,55,74,82,57,67
2016-11-02,23,67,29,15,24,59,43,68,48,73
2016-11-03,23,55,41,22,25,61,43,76,57,83
2016-11-04,22,79,45,19,21,62,64,69,55,76
2016-11-05,29,57,35,23,18,66,54,86,62,71
2016-11-06,18,66,44,29,23,79,96,106,69,94
2016-11-07,17,43,22,24,20,49,52,61,26,57
2016-11-08,19,54,31,14,12,54,48,62,43,66
2016-11-09,22,68,36,19,13,50,49,74,54,80
2016-11-10,18,76,37,35,17,49,60,68,48,71
2016-11-11,26,69,39,19,24,54,60,79,54,93
2016-11-12,26,64,43,26,19,65,75,89,64,78
2016-11-13,36,76,56,24,21,62,70,83,66,99
2016-11-14,17,49,26,14,9,60,48,67,46,46
2016-11-15,22,57,39,15,18,53,43,71,50,64
2016-11-16,20,50,29,23,17,58,59,65,51,62
2016-11-17,19,53,36,25,14,62,71,76,45,88
2016-11-18,21,61,38,21,21,60,70,68,57,84
2016-11-19,36,72,44,21,17,62,68,89,54,87
2016-11-20,22,79,53,30,19,61,74,90,59,87
2016-11-21,14,47,27,14,11,47,45,58,34,59
2016-11-22,18,49,46,17,19,59,35,78,42,64
2016-11-23,20,50,40,14,17,69,53,74,57,82
2016-11-24,18,49,37,23,28,60,71,89,46,82
2016-11-25,26,58,40,23,19,70,57,75,69,83
2016-11-26,20,62,50,26,20,75,78,77,59,85
2016-11-27,20,78,38,24,19,84,60,92,62,86
2016-11-28,22,50,21,17,16,41,52,73,38,72
2016-11-29,27,49,44,23,21,58,54,81,49,66
2016-11-30,19,52,28,29,20,57,75,70,41,57
2016-12-01,13,43,20,23,19,44,31,54,44,51
2016-12-02,11,44,28,18,17,51,31,67,36,68
2016-12-03,19,40,25,22,15,45,44,68,47,62
2016-12-04,24,51,36,27,22,55,61,84,48,70
2016-12-05,13,29,19,16,14,48,31,53,26,35
2016-12-06,10,45,28,16,13,33,47,59,32,39
2016-12-07,17,39,28,10,14,33,38,51,33,42
2016-12-08,15,35,23,20,13,47,29,58,27,37
2016-12-09,7,41,38,22,11,48,36,61,42,52
2016-12-10,12,47,37,14,15,51,52,68,49,57
2016-12-11,20,53,33,24,22,47,54,65,41,74
2016-12-12,12,36,18,15,9,37,28,61,27,38
2016-12-13,23,45,31,12,4,36,52,41,35,44
2016-12-14,12,41,21,14,18,41,54,73,39,46
2016-12-15,10,52,22,15,8,39,49,43,32,56
2016-12-16,15,42,25,25,12,50,47,67,39,56
2016-12-17,19,55,23,14,17,51,32,71,31,84
2016-12-18,22,40,25,25,16,37,53,72,45,63
2016-12-19,17,33,21,17,9,31,30,30,28,42
2016-12-20,18,47,24,15,15,52,50,40,37,40
2016-12-21,12,46,26,16,8,46,36,60,31,47
2016-12-22,20,35,24,17,11,46,42,59,31,72
2016-12-23,21,64,26,24,18,43,42,88,42,47
2016-12-24,13,47,37,14,23,58,45,70,47,64
2016-12-25,20,39,38,21,11,64,39,69,51,74
2016-12-26,16,30,23,11,15,31,32,47,36,35
2016-12-27,10,41,29,15,12,34,48,42,24,55
2016-12-28,16,38,22,17,19,31,52,53,31,33
2016-12-29,21,56,26,21,12,46,34,52,35,61
2016-12-30,24,37,26,20,11,54,30,67,39,60
2016-12-31,14,47,29,15,17,53,49,66,32,63
2017-01-01,19,40,36,21,25,52,42,65,41,53
2017-01-02,15,26,23,15,14,29,36,35,25,51
2017-01-03,10,33,20,12,13,31,31,45,26,53
2017-01-04,16,41,23,14,15,50,42,50,40,46
2017-01-05,14,39,25,10,15,40,44,41,35,46
2017-01-06,24,43,23,10,18,33,35,59,31,53
2017-01-07,14,46,26,21,15,43,43,84,37,61
2017-01-08,20,58,32,16,12,51,43,57,31,64
2017-01-09,18,31,23,5,17,40,25,42,25,36
2017-01-10,11,36,17,18,11,39,32,46,26,53
2017-01-11,14,42,15,16,16,42,33,48,25,44
2017-01-12,17,39,37,13,8,42,26,59,38,52
2017-01-13,7,34,31,16,10,49,52,54,44,69
2017-01-14,16,29,30,19,15,44,48,63,43,69
2017-01-15,29,47,22,18,15,60,52,67,46,82
2017-01-16,15,21,19,13,7,24,26,47,25,39
2017-01-17,14,37,20,19,16,46,38,40,34,38
2017-01-18,10,41,34,13,14,47,37,44,34,56
2017-01-19,16,51,22,10,17,38,38,53,43,63
2017-01-20,22,48,26,19,16,51,29,60,36,57
2017-01-21,13,42,33,17,12,41,54,58,43,61
2017-01-22,21,49,33,29,9,46,43,56,48,73
2017-01-23,9,25,17,18,11,38,35,45,32,33
2017-01-24,18,44,19,21,14,38,47,39,41,36
2017-01-25,14,38,25,15,10,32,47,58,31,50
2017-01-26,13,30,17,13,14,53,40,49,35,60
2017-01-27,10,32,28,13,12,42,41,60,42,51
2017-01-28,16,48,30,17,10,38,42,55,55,48
2017-01-29,24,47,27,20,14,40,49,52,36,57
2017-01-30,9,28,27,17,4,28,38,32,32,43
2017-01-31,17,37,28,10,8,36,33,53,26,47
2017-02-01,15,34,25,15,19,53,52,55,39,51
2017-02-02,17,47,20,17,10,46,38,54,38,55
2017-02-03,24,45,31,19,12,47,48,67,39,53
2017-02-04,25,42,19,18,14,44,42,51,50,51
2017-02-05,25,38,38,20,13,49,60,64,52,65
2017-02-06,16,38,23,13,17,38,38,47,41,45
2017-02-07,12,33,27,13,19,41,40,47,26,59
2017-02-08,20,37,20,13,14,34,37,50,41,49
2017-02-09,16,39,30,8,14,52,46,60,29,54
2017-02-10,16,38,37,20,6,45,42,56,63,52
2017-02-11,18,52,23,28,20,51,42,64,30,68
2017-02-12,19,47,31,22,21,58,39,62,52,54
2017-02-13,11,45,28,15,9,23,34,42,39,40
2017-02-14,15,46,19,13,7,37,41,55,46,55
2017-02-15,22,38,22,12,13,55,56,49,36,61
2017-02-16,11,46,33,15,10,49,40,59,33,59
2017-02-17,17,59,29,21,26,37,51,60,47,61
2017-02-18,22,47,39,15,26,70,51,66,41,70
2017-02-19,18,55,34,32,19,57,59,78,52,70
2017-02-20,5,32,24,13,9,32,40,49,35,42
2017-02-21,14,26,29,13,17,47,38,53,39,49
2017-02-22,12,45,25,16,16,29,36,56,36,41
2017-02-23,26,50,19,19,11,45,44,56,27,70
2017-02-24,15,49,35,9,22,47,59,48,42,69
2017-02-25,16,46,29,9,22,43,43,72,49,63
2017-02-26,28,41,32,22,17,61,52,81,59,60
2017-02-27,12,44,25,13,14,36,30,53,34,31
2017-02-28,20,37,31,21,15,39,48,46,43,54
2017-03-01,16,48,40,19,17,67,56,67,45,63
2017-03-02,23,54,34,23,16,43,52,70,48,59
2017-03-03,22,47,32,25,14,62,60,81,49,55
2017-03-04,13,70,32,15,17,67,57,66,51,64
2017-03-05,25,57,41,16,26,73,58,89,56,82
2017-03-06,11,36,19,12,5,44,36,49,34,69
2017-03-07,14,57,30,18,9,54,39,65,33,61
2017-03-08,17,51,35,18,16,52,63,64,43,54
2017-03-09,16,43,27,25,19,51,53,91,48,54
2017-03-10,18,53,36,24,28,72,71,75,42,70
2017-03-11,15,54,35,17,20,65,66,89,59,79
2017-03-12,21,63,34,22,16,69,67,74,54,77
2017-03-13,14,52,28,20,9,41,35,67,50,62
2017-03-14,24,56,34,16,10,51,45,58,52,61
2017-03-15,22,59,37,21,15,48,36,56,44,70
2017-03-16,23,52,33,19,16,55,44,65,62,70
2017-03-17,17,52,28,20,16,59,55,65,51,74
2017-03-18,20,55,36,27,20,58,50,84,54,79
2017-03-19,25,65,48,21,14,59,68,82,56,75
2017-03-20,14,34,22,17,13,59,44,48,39,45
2017-03-21,13,47,32,27,18,44,57,77,38,58
2017-03-22,23,33,20,17,19,47,52,75,42,55
2017-03-23,18,51,33,23,16,50,48,67,36,64
2017-03-24,19,62,39,18,16,55,50,53,42,85
2017-03-25,20,55,41,27,19,70,68,83,51,72
2017-03-26,17,55,44,23,22,74,56,90,61,89
2017-03-27,21,40,32,19,15,41,38,49,39,60
2017-03-28,13,45,29,18,12,39,51,78,35,69
2017-03-29,12,45,28,22,10,45,52,69,44,69
2017-03-30,22,44,28,17,25,63,45,75,51,60
2017-03-31,13,57,36,16,24,55,58,78,43,70
2017-04-01,26,61,40,37,26,72,86,105,72,82
2017-04-02,21,66,43,28,32,86,71,76,64,95
2017-04-03,17,43,33,19,18,51,51,74,49,69
2017-04-04,22,53,32,18,21,66,54,62,56,83
2017-04-05,21,76,42,16,17,58,55,67,56,79
2017-04-06,25,62,40,28,19,49,61,84,49,72
2017-04-07,25,62,45,18,15,58,55,96,54,88
2017-04-08,23,77,32,28,25,85,86,96,63,99
2017-04-09,20,86,42,23,24,85,68,95,64,87
2017-04-10,19,52,31,19,9,56,48,57,45,66
2017-04-11,21,68,34,28,19,50,46,64,44,66
2017-04-12,17,59,43,23,22,53,63,91,44,75
2017-04-13,25,71,39,30,26,60,59,78,60,78
2017-04-14,15,78,43,19,20,63,66,100,67,98
2017-04-15,20,79,49,18,26,82,63,92,56,95
2017-04-16,32,60,49,23,29,72,68,97,60,108
2017-04-17,13,58,40,15,11,37,44,78,55,61
2017-04-18,21,51,27,30,20,74,48,84,73,80
2017-04-19,19,64,38,23,23,51,55,65,62,60
2017-04-20,26,48,41,29,19,62,71,80,44,89
2017-04-21,27,61,37,23,20,55,58,90,49,79
2017-04-22,19,71,44,31,22,84,71,91,62,96
2017-04-23,22,88,43,36,28,74,58,96,61,87
2017-04-24,17,54,39,20,15,49,60,69,40,60
2017-04-25,26,61,52,17,19,72,60,76,48,84
2017-04-26,22,59,39,16,24,68,55,74,45,81
2017-04-27,26,58,41,27,21,58,65,87,46,81
2017-04-28,25,61,39,24,20,65,66,90,47,86
2017-04-29,32,84,44,26,21,64,60,85,61,86
2017-04-30,33,80,46,32,22,68,81,97,77,96
2017-05-01,15,60,25,13,12,42,53,60,55,68
2017-05-02,21,66,45,26,17,60,71,87,63,87
2017-05-03,29,51,49,24,19,75,78,96,53,75
2017-05-04,19,63,43,18,22,62,58,73,51,85
2017-05-05,28,79,51,23,21,59,63,99,50,76
2017-05-06,34,76,44,27,16,65,60,109,67,84
2017-05-07,31,67,66,33,25,68,83,86,63,110
2017-05-08,24,64,36,11,21,41,58,93,52,82
2017-05-09,32,73,31,18,18,61,60,86,50,78
2017-05-10,17,55,44,14,18,57,56,81,55,76
2017-05-11,18,83,34,33,21,68,63,118,72,82
2017-05-12,26,82,39,35,24,72,69,96,64,82
2017-05-13,25,85,59,28,21,90,73,88,58,113
2017-05-14,32,85,47,17,30,94,76,87,62,106
2017-05-15,17,54,33,18,17,61,58,58,37,63
2017-05-16,24,61,38,19,21,49,59,87,46,79
2017-05-17,16,68,41,23,18,54,70,88,50,77
2017-05-18,32,76,38,27,21,57,64,80,57,93
2017-05-19,35,72,48,26,21,84,63,87,68,81
2017-05-20,34,89,54,33,32,93,72,101,70,115
2017-05-21,25,91,49,30,28,85,89,112,61,100
2017-05-22,20,48,33,22,22,51,48,65,51,59
2017-05-23,15,62,41,22,20,72,83,71,55,75
2017-05-24,30,73,40,28,25,52,52,80,37,75
2017-05-25,22,66,37,26,14,72,64,89,51,72
2017-05-26,24,66,65,33,19,74,74,85,50,94
2017-05-27,35,82,59,24,23,77,85,99,52,87
2017-05-28,33,48,62,26,23,81,71,110,64,100
2017-05-29,23,39,37,14,17,43,56,67,65,62
2017-05-30,17,57,44,26,20,65,56,73,50,89
2017-05-31,20,60,55,25,27,69,71,97,52,69
2017-06-01,29,83,57,22,27,65,87,99,53,94
2017-06-02,25,85,54,19,19,56,73,102,57,91
2017-06-03,36,106,37,34,27,56,85,112,69,83
2017-06-04,27,103,54,36,36,76,90,109,77,112
2017-06-05,22,54,48,24,21,44,59,74,44,52
2017-06-06,22,67,41,27,20,65,73,91,47,90
2017-06-07,29,67,42,20,21,66,76,78,69,106
2017-06-08,26,68,53,31,24,72,82,118,66,86
2017-06-09,16,75,49,25,24,75,79,115,74,74
2017-06-10,41,85,44,40,27,73,89,105,80,87
2017-06-11,28,87,46,29,25,75,74,117,63,111
2017-06-12,23,66,44,30,25,58,56,71,35,70
2017-06-13,26,79,34,28,32,63,73,99,75,77
2017-06-14,32,63,48,17,21,58,79,108,45,98
2017-06-15,30,77,49,23,22,74,73,86,65,87
2017-06-16,26,76,50,27,33,77,85,102,53,98
2017-06-17,31,82,67,18,23,79,98,79,63,117
2017-06-18,38,77,57,36,20,81,99,116,83,127
2017-06-19,30,54,30,22,19,48,58,72,47,74
2017-06-20,22,66,44,27,24,75,61,106,50,86
2017-06-21,26,56,47,22,17,71,55,97,68,85
2017-06-22,24,64,31,27,20,74,75,92,71,75
2017-06-23,26,75,45,27,24,77,79,118,55,104
2017-06-24,30,88,51,41,20,73,71,91,70,91
2017-06-25,26,101,52,34,24,95,92,113,63,88
2017-06-26,21,48,23,22,16,49,54,83,50,66
2017-06-27,32,53,39,27,16,67,58,98,57,75
2017-06-28,50,63,40,18,14,70,70,81,59,67
2017-06-29,28,64,35,32,23,61,55,102,66,82
2017-06-30,28,82,45,29,22,74,64,103,57,91
2017-07-01,31,83,41,37,26,83,88,111,85,103
2017-07-02,38,98,58,39,26,89,90,105,79,131
2017-07-03,18,52,36,18,18,73,59,76,65,80
2017-07-04,23,66,47,30,23,69,86,88,48,97
2017-07-05,23,67,41,30,22,68,54,74,66,87
2017-07-06,31,67,43,26,26,83,86,103,71,84
2017-07-07,32,80,49,35,21,101,88,105,77,94
2017-07-08,27,94,57,35,25,93,88,106,77,107
2017-07-09,32,97,59,39,23,92,96,137,74,116
2017-07-10,16,49,43,17,18,59,59,67,45,79
2017-07-11,23,65,33,22,12,62,71,85,63,97
2017-07-12,29,76,48,27,22,71,69,81,73,76
2017-07-13,22,63,54,35,23,67,83,99,66,105
2017-07-14,38,84,65,31,20,86,63,128,73,104
2017-07-15,40,86,47,38,37,95,79,118,72,95
2017-07-16,36,115,69,26,25,104,88,115,93,114
2017-07-17,20,64,46,22,21,78,67,80,49,67
2017-07-18,26,76,43,21,19,61,67,81,61,88
2017-07-19,24,81,40,22,16,73,76,95,58,85
2017-07-20,37,76,41,23,29,69,74,88,72,104
2017-07-21,27,81,59,41,17,77,87,84,61,105
2017-07-22,35,94,43,28,26,75,85,106,81,114
2017-07-23,32,89,68,40,21,97,81,127,73,123
2017-07-24,27,53,46,19,23,57,50,85,48,72
2017-07-25,20,70,39,29,25,66,81,101,60,84
2017-07-26,28,67,37,26,22,62,55,91,67,88
2017-07-27,35,73,41,33,25,66,76,103,69,81
2017-07-28,25,73,60,40,28,72,62,103,63,107
2017-07-29,30,86,55,30,27,68,86,116,82,103
2017-07-30,26,86,56,31,22,98,90,101,73,116
2017-07-31,22,59,37,27,11,55,70,86,57,69
2017-08-01,18,58,43,16,18,58,49,78,52,78
2017-08-02,19,59,31,20,13,46,74,98,48,90
2017-08-03,25,72,37,24,22,72,62,76,56,95
2017-08-04,26,77,29,25,21,80,75,89,73,99
2017-08-05,35,65,68,26,18,76,72,99,55,113
2017-08-06,29,89,46,23,21,96,77,109,64,104
2017-08-07,20,54,36,23,15,58,54,74,47,67
2017-08-08,28,81,35,24,16,53,66,87,59,74
2017-08-09,28,58,26,26,20,67,53,82,64,65
2017-08-10,31,72,42,21,19,61,65,81,58,74
2017-08-11,25,74,41,23,25,59,79,99,60,89
2017-08-12,32,67,42,39,25,77,66,87,65,106
2017-08-13,32,78,61,34,25,89,66,100,61,113
2017-08-14,26,50,33,23,22,54,65,62,43,82
2017-08-15,18,59,38,16,16,70,54,85,57,81
2017-08-16,24,48,32,16,21,66,49,81,59,77
2017-08-17,21,64,29,28,21,66,47,91,61,92
2017-08-18,35,70,39,31,27,66,77,90,62,94
2017-08-19,29,78,47,37,19,78,71,92,75,96
2017-08-20,27,90,59,27,26,79,96,122,79,113
2017-08-21,19,46,50,16,15,51,53,72,47,68
2017-08-22,28,62,45,22,21,63,67,66,62,93
2017-08-23,26,65,48,23,25,73,61,73,56,89
2017-08-24,15,69,45,33,24,83,66,93,48,76
2017-08-25,30,91,46,23,18,61,68,99,67,99
2017-08-26,38,70,51,26,19,75,88,98,79,88
2017-08-27,26,94,52,43,28,76,79,118,66,101
2017-08-28,15,55,21,17,19,55,44,78,54,62
2017-08-29,21,42,40,26,16,61,57,79,51,82
2017-08-30,22,77,29,22,18,54,56,95,56,79
2017-08-31,26,55,37,27,24,69,61,82,57,85
2017-09-01,38,67,41,20,26,58,68,90,53,64
2017-09-02,26,78,47,22,25,68,83,90,58,85
2017-09-03,23,87,41,20,23,68,68,85,70,81
2017-09-04,12,51,40,24,17,63,54,66,49,54
2017-09-05,26,54,43,20,7,51,58,89,60,73
2017-09-06,24,69,51,21,19,54,50,71,65,70
2017-09-07,29,59,44,20,25,48,58,93,50,67
2017-09-08,28,65,46,20,12,61,56,105,58,101
2017-09-09,28,71,36,20,26,68,60,106,61,102
2017-09-10,30,64,36,31,23,73,85,92,72,110
2017-09-11,16,44,29,15,13,40,54,65,52,50
2017-09-12,20,58,30,24,17,66,61,75,48,81
2017-09-13,13,57,34,23,20,55,64,67,59,57
2017-09-14,26,71,41,26,18,57,67,80,59,69
2017-09-15,28,60,45,19,18,57,69,87,48,77
2017-09-16,27,75,41,15,22,68,69,84,70,83
2017-09-17,30,58,49,22,25,71,78,93,76,90
2017-09-18,22,47,42,16,14,56,48,58,41,68
2017-09-19,21,66,32,26,18,56,60,74,41,83
2017-09-20,20,61,28,22,16,59,64,71,44,89
2017-09-21,20,66,34,29,16,65,61,85,59,85
2017-09-22,28,70,46,23,20,75,63,100,61,92
2017-09-23,37,85,52,27,28,66,70,114,60,82
2017-09-24,24,73,47,21,35,71,79,102,62,93
2017-09-25,14,49,26,19,14,57,49,72,50,66
2017-09-26,18,61,38,19,15,61,45,88,48,88
2017-09-27,27,57,41,27,19,62,44,87,58,76
2017-09-28,23,55,37,17,21,57,70,65,57,74
2017-09-29,28,66,35,19,18,63,68,103,54,85
2017-09-30,30,79,48,22,19,64,80,90,64,74
2017-10-01,21,60,38,22,20,70,70,100,63,88
2017-10-02,12,56,32,21,15,40,44,64,39,73
2017-10-03,18,55,28,17,22,58,51,57,51,84
2017-10-04,15,55,34,24,15,61,55,61,39,62
2017-10-05,20,59,40,25,19,52,47,69,41,60
2017-10-06,19,54,34,23,22,51,46,69,50,77
2017-10-07,22,61,34,19,19,72,72,99,59,68
2017-10-08,19,60,47,21,20,73,77,103,65,86
2017-10-09,9,46,18,21,14,46,40,44,40,46
2017-10-10,23,52,35,22,14,45,47,64,41,65
2017-10-11,14,55,39,26,17,62,52,76,53,63
2017-10-12,24,48,29,22,12,47,55,70,47,68
2017-10-13,23,53,33,24,14,53,51,85,53,72
2017-10-14,26,64,42,26,28,56,65,81,62,89
2017-10-15,28,64,49,30,18,84,63,91,42,97
2017-10-16,19,44,31,21,12,47,55,70,39,63
2017-10-17,17,47,37,14,13,57,68,85,45,55
2017-10-18,15,70,40,22,21,52,44,79,34,64
2017-10-19,26,45,38,28,11,43,62,76,53,68
2017-10-20,22,51,41,20,22,56,70,77,57,91
2017-10-21,26,70,45,23,31,53,70,89,44,73
2017-10-22,32,61,31,16,19,77,72,96,56,79
2017-10-23,20,45,30,17,16,51,57,60,47,68
2017-10-24,23,56,43,30,12,48,62,89,43,74
2017-10-25,22,66,32,21,23,46,50,62,49,65
2017-10-26,28,44,35,17,26,48,61,67,39,60
2017-10-27,20,66,38,24,22,55,63,95,68,68
2017-10-28,22,61,43,26,16,65,74,85,50,70
2017-10-29,29,77,31,31,21,82,78,92,69,73
2017-10-30,22,53,27,7,14,50,43,62,32,59
2017-10-31,24,50,26,20,17,73,59,61,50,74
2017-11-01,16,63,50,23,11,63,47,79,61,79
2017-11-02,21,67,41,22,18,56,52,79,39,75
2017-11-03,18,75,43,20,15,64,80,93,66,87
2017-11-04,34,68,41,17,21,71,58,87,59,89
2017-11-05,23,74,51,21,28,66,79,107,62,104
2017-11-06,17,69,43,20,15,75,54,63,50,62
2017-11-07,23,68,37,25,17,70,58,95,48,49
2017-11-08,14,58,31,16,18,63,66,88,44,80
2017-11-09,21,62,37,22,16,62,60,82,40,100
2017-11-10,19,58,23,31,15,66,56,89,57,91
2017-11-11,24,69,39,27,22,66,56,90,66,96
2017-11-12,27,76,53,36,28,88,62,90,59,97
2017-11-13,22,61,35,16,12,49,57,63,42,71
2017-11-14,16,57,29,19,15,73,64,66,41,88
2017-11-15,19,55,37,27,19,57,58,67,40,65
2017-11-16,22,53,38,21,19,64,69,82,74,80
2017-11-17,25,75,35,24,20,64,58,83,54,83
2017-11-18,31,78,43,29,26,67,62,100,59,89
2017-11-19,32,73,43,30,20,63,81,93,56,99
2017-11-20,21,54,36,18,15,52,41,64,35,59
2017-11-21,29,55,40,30,20,58,62,90,62,74
2017-11-22,27,51,38,24,14,55,71,60,48,67
2017-11-23,25,73,40,23,23,58,59,85,50,78
2017-11-24,22,68,37,25,24,66,68,81,61,87
2017-11-25,29,63,41,29,25,72,73,113,64,95
2017-11-26,24,78,43,28,32,73,81,85,58,93
2017-11-27,10,58,23,21,20,50,50,54,50,64
2017-11-28,14,57,36,23,18,60,53,71,64,78
2017-11-29,28,66,42,18,9,67,61,83,53,96
2017-11-30,15,80,31,16,20,63,61,76,53,73
2017-12-01,19,56,30,23,13,56,54,69,51,71
2017-12-02,16,64,31,16,18,48,40,52,44,60
2017-12-03,31,59,34,15,19,62,46,64,40,72
2017-12-04,7,33,21,10,13,48,41,58,27,35
2017-12-05,20,45,15,15,16,42,35,42,30,51
2017-12-06,17,50,32,13,15,31,43,58,27,48
2017-12-07,18,47,34,14,10,37,43,60,46,64
2017-12-08,17,44,27,16,6,60,55,65,51,77
2017-12-09,27,50,36,22,14,57,59,62,33,43
2017-12-10,20,50,44,18,18,70,50,69,49,66
2017-12-11,20,43,21,10,11,41,39,45,33,52
2017-12-12,13,37,28,17,13,52,34,66,51,47
2017-12-13,17,50,30,11,16,48,36,57,28,52
2017-12-14,14,42,27,18,9,50,51,56,42,43
2017-12-15,16,52,30,15,23,50,34,78,36,60
2017-12-16,15,48,32,19,23,62,47,60,39,58
2017-12-17,22,55,39,14,16,47,49,73,44,59
2017-12-18,19,37,21,11,10,31,27,52,26,49
2017-12-19,7,41,20,17,9,39,44,44,40,51
2017-12-20,16,35,21,22,11,43,37,52,37,42
2017-12-21,12,39,23,16,14,53,55,79,33,69
2017-12-22,6,41,22,16,6,50,39,77,39,60
2017-12-23,18,52,37,17,19,48,53,70,40,67
2017-12-24,19,47,33,11,15,50,45,59,37,88
2017-12-25,13,37,26,11,12,27,27,56,35,42
2017-12-26,16,43,18,15,10,36,51,51,30,50
2017-12-27,14,55,26,16,6,32,45,58,37,55
2017-12-28,19,50,21,20,15,51,36,49,34,63
2017-12-29,15,50,38,25,17,55,57,54,46,56
2017-12-30,27,56,27,19,22,55,60,75,37,78
2017-12-31,23,67,29,15,17,53,55,62,50,74
